                                                                ; -----------------------------------------------------------
                                                                ; Small C Compiler for TRDOS 386 (v2.0.9 and later)
                                                                ; Erdogan Tan - 2024
                                                                ; Beginning: 05/09/2024
                                                                ; Last Update: 21/03/2026
                                                                ; -----------------------------------------------------------
                                                                ; Derived from 'scc.asm' file of KolibriOS SCC source code
                                                                ; 2024
                                                                
                                                                ;B+ System header
                                                                use32
                                                                org 0x0
00000000: E9 39 10 00 00                                          jmp START	; TRDOS 386 PRG file doesn't contain header
                                                                
00000005: 00 00 00 00                                             dd  0
                                                                
                                                                ;B+ Include C files
                                                                  ; Compiler tools
                                                                  include "INTRINS.ASM"
                                                                ; -----------------------------------------------------------
                                                                ; Small C Compiler for TRDOS 386 (v2.0.9 and later)
                                                                ; Erdogan Tan - 2024
                                                                ; Beginning: 05/09/2024
                                                                ; Last Update: 26/09/2024
                                                                ; -----------------------------------------------------------
                                                                ; Derived from 'intrins.asm' file of KolibriOS SCC source code
                                                                ; 2024
                                                                
                                                                ;
                                                                ; Small-C Run Time Library for Win NT
                                                                ;
                                                                ; Nasm version  17/Nov/98  H T Walheim
                                                                ; Revised:	20/Nov/98  HTW [Bugs in switch]
                                                                ;
                                                                
                                                                _CCARGC:
                                                                	;B+ Ellipses arguments ( ,...)
                                                                	;cl - argument count
                                                                
00000009: 31 C0                                                 	xor	eax,eax
0000000B: 0F B6 C1                                              	movzx	eax,cl  ; No sign-extension
0000000E: C3                                                    	retn
                                                                	;E:.
                                                                
                                                                	;B+ Compare
                                                                
                                                                __ult:
                                                                	;B+ ???
0000000F: 39 D8                                                   	cmp	eax,ebx
00000011: 77 46                                                 	ja	short true
00000013: 31 C0                                                 	xor	eax,eax
00000015: C3                                                    	retn
                                                                	;E:.
                                                                
                                                                __ugt:
                                                                	;B+ ???
00000016: 39 D8                                                 	cmp	eax,ebx
00000018: 72 3F                                                 	jb	short true
0000001A: 31 C0                                                 	xor	eax,eax
0000001C: C3                                                    	retn
                                                                	;E:.
                                                                
                                                                __ule:
                                                                	;B+ ???
0000001D: 39 D8                                                 	cmp	eax,ebx
0000001F: 73 38                                                 	jae	short true
00000021: 31 C0                                                 	xor	eax,eax
00000023: C3                                                    	retn
                                                                	;E:.
                                                                
                                                                __uge:
                                                                	;B+ ???
00000024: 39 D8                                                 	cmp	eax,ebx
00000026: 76 31                                                 	jbe	short true
00000028: 31 C0                                                 	xor	eax,eax
0000002A: C3                                                    	retn
                                                                	;E:.
                                                                
                                                                __eq:
                                                                	;B+ ???
0000002B: 39 D8                                                 	cmp	eax,ebx
0000002D: 74 2A                                                 	je	short true
0000002F: 31 C0                                                 	xor	eax,eax
00000031: C3                                                    	retn
                                                                	;E:.
                                                                
                                                                __ne:
                                                                	;B+ ???
00000032: 39 D8                                                 	cmp	eax,ebx
00000034: 75 23                                                 	jne	short true
00000036: 31 C0                                                 	xor	eax,eax
00000038: C3                                                    	retn
                                                                	;E:.
                                                                
                                                                __lt:
                                                                	;B+ ???
00000039: 39 D8                                                 	cmp	eax,ebx
0000003B: 7F 1C                                                 	jg	short true
0000003D: 31 C0                                                 	xor	eax,eax
0000003F: C3                                                    	retn
                                                                	;E:.
                                                                
                                                                __gt:
                                                                	;B+ ???
00000040: 39 D8                                                 	cmp	eax,ebx
00000042: 7C 15                                                 	jl	short true
00000044: 31 C0                                                 	xor	eax,eax
00000046: C3                                                    	retn
                                                                	;E:.
                                                                
                                                                __le:
                                                                	;B+ ???
00000047: 39 D8                                                 	cmp	eax,ebx
00000049: 7D 0E                                                 	jge	short true
0000004B: 31 C0                                                 	xor	eax,eax
0000004D: C3                                                    	retn
                                                                	;E:.
                                                                
                                                                __ge:
                                                                	;B+ ???
0000004E: 39 D8                                                 	cmp	eax,ebx
00000050: 7E 07                                                 	jle	short true
00000052: 31 C0                                                 	xor	eax,eax
00000054: C3                                                    	retn
                                                                	;E:.
                                                                
                                                                ;E:.
                                                                
                                                                __lneg:
                                                                	;B+ Logical Negate of Primary
00000055: 09 C0                                                 	or	eax,eax
00000057: 75 06                                                 	jnz	short false
                                                                true:
00000059: B8 01 00 00 00                                        	mov	eax,1
0000005E: C3                                                    	retn
                                                                
                                                                false:
0000005F: 31 C0                                                 	xor	eax,eax
00000061: C3                                                    	retn
                                                                	;E:.
                                                                
                                                                __switch:
                                                                	;B+ Execute "switch" statement
                                                                
                                                                	;eax   - switch value
                                                                	;[esp] - pointer to switch table
                                                                	;   dd addr1,value1
                                                                	;         ...
                                                                	;   dd 0
                                                                	;   [jmp default]
                                                                	;   continuation
                                                                	;
                                                                	; Revised: 20/Nov/98 [JECXZ needed]
                                                                
00000062: 5B                                                    	pop	ebx
00000063: EB 03                                                 	jmp	short skip
                                                                back:
00000065: 83 C3 08                                              	add	ebx,8	    ;next case-pair
                                                                skip:
00000068: 8B 0B                                                 	mov	ecx,[ebx]   ;case-label location (adress)
0000006A: E3 07                                                 	jecxz	default
0000006C: 3B 43 04                                              	cmp	eax,[ebx+4] ;test case-value
0000006F: 75 F4                                                 	jnz	short back
00000071: FF E1                                                 	jmp	ecx	    ;match -- jump to case
                                                                default:
00000073: 83 C3 04                                              	add	ebx,4
00000076: FF E3                                                 	jmp	ebx	    ;jump to default/continuation
                                                                ;E:.
                                                                
                                                                
                                                                  ; C Library ("stdio.asm")
                                                                  include "LIBSTD.ASM"
                                                                ; -----------------------------------------------------------
                                                                ; Small C Compiler for TRDOS 386 (v2.0.9 and later)
                                                                ; Erdogan Tan - 2024
                                                                ; Beginning: 05/09/2024
                                                                ; Last Update: 21/03/2026
                                                                ; -----------------------------------------------------------
                                                                ; Derived from 'libstd.asm' file of KolibriOS SCC source code
                                                                ; 2024
                                                                
                                                                ;NOTE: The assembly source code will be more optimized later.
                                                                ;  For now (current version), semi-optimized source code
                                                                ;  will be preserved for comparison with existing C code.
                                                                ;Erdogan Tan - 11/09/2024
                                                                
                                                                ; TRDOS 386 v2 modification
                                                                ; Write string to standard output.
                                                                ;
                                                                ;puts(string) char *string;
                                                                ;{while(*string)
                                                                ;     OS_putc(*string++);
                                                                ; OS_putc('\n');
                                                                
                                                                _puts:
00000078: 55                                                    	PUSH	EBP
00000079: 89 E5                                                 	MOV	EBP,ESP
                                                                _puts_1:
0000007B: 8D 5D 08                                              	LEA	EBX,[EBP+8]	; (*string)
0000007E: 8B 13                                                 	MOV	EDX,[EBX] 	; string's itself
00000080: 0F BE 02                                              	MOVSX	EAX,BYTE [EDX]	; char in string
00000083: 09 C0                                                 	OR	EAX,EAX
00000085: 74 0B                                                 	JZ	short _puts_2
00000087: FF 03                                                 	INC	DWORD [EBX]	; (*string++);
00000089: 50                                                    	PUSH	EAX
                                                                	;MOV	CL,1 ; 1 argument
0000008A: E8 03 0E 00 00                                        	CALL	_OS_putc
                                                                	;ADD	ESP,4
0000008F: 58                                                    	POP	EAX
00000090: EB E9                                                 	JMP	short _puts_1
                                                                _puts_2:
00000092: 5D                                                    	POP	EBP
00000093: C3                                                    	RETN
                                                                
                                                                ;/* TRDOS 386 v2 modification */
                                                                ;putc(c) char *c;
                                                                ;{
                                                                ; OS_putc(*c);
                                                                ;}
                                                                ;
                                                                ;getc()
                                                                ;{
                                                                ;return(OS_getc());
                                                                ;}
                                                                ;
                                                                ;_putc:		; putchar (to stdout)
                                                                ;	PUSH	EBP
                                                                ;	MOV	EBP,ESP
                                                                ;	LEA	EAX,[EBP+8]
                                                                ;	MOV	EBX,[EAX]
                                                                ;	MOVSX	EAX,BYTE [EBX]
                                                                ;	PUSH	EAX
                                                                ;	;MOV	CL,1
                                                                ;	CALL	_OS_putc
                                                                ;	ADD	ESP,4
                                                                ;	POP	EBP
                                                                ;	RETN
                                                                ;
                                                                ;_getc:		; getchar (from stdin)
                                                                ;	;PUSH	EBP
                                                                ;	;MOV	EBP,ESP
                                                                ;	;XOR	CL,CL
                                                                ;	CALL	_OS_getc
                                                                ;	;POP	EBP
                                                                ;	;RETN
                                                                
                                                                ; reverse string in place
                                                                
                                                                _reverse:			; reverse(s) char *s;
00000094: 55                                                    	PUSH	EBP
00000095: 89 E5                                                 	MOV	EBP,ESP
00000097: 83 C4 F8                                              	ADD	ESP,-8		; char *j; int c;
0000009A: 8D 5D 08                                              	LEA	EBX,[EBP+8]	; j=s+strlen(s)-1;
0000009D: 8B 03                                                 	MOV	EAX,[EBX]
0000009F: 50                                                    	PUSH	EAX ; *
000000A0: 50                                                    	PUSH	EAX
                                                                	;MOV	CL,1
000000A1: E8 6A 00 00 00                                        	CALL	_strlen
                                                                	;ADD	ESP,4
000000A6: 5B                                                    	POP	EBX
000000A7: 5B                                                    	POP	EBX ; *
000000A8: 01 D8                                                 	ADD	EAX,EBX
                                                                	;SUB	EAX,1
000000AA: 48                                                    	DEC	EAX
000000AB: 8D 5D FC                                              	LEA	EBX,[EBP-4]
000000AE: 89 03                                                 	MOV	[EBX],EAX
                                                                _lib_3:				; while(s<j)
000000B0: 8D 55 08                                              	LEA	EDX,[EBP+8]
000000B3: 8B 1A                                                 	MOV	EBX,[EDX]
000000B5: 8D 4D FC                                              	LEA	ECX,[EBP-4]
000000B8: 8B 01                                                 	MOV	EAX,[ECX]
000000BA: E8 50 FF FF FF                                        	CALL	__ult
000000BF: 09 C0                                                 	OR	EAX,EAX
000000C1: 75 04                                                 	JNE	short _lib_5
                                                                _lib_4:
000000C3: 89 EC                                                 	MOV	ESP,EBP
000000C5: 5D                                                    	POP	EBP
000000C6: C3                                                    	RETN
                                                                _lib_5:
000000C7: 8D 4D F8                                              	LEA	ECX,[EBP-8]	; c=*s;
                                                                	;LEA	EDX,[EBP+8]
                                                                	;MOV	EBX,[EDX]
000000CA: 0F BE 03                                              	MOVSX	EAX,BYTE [EBX]
000000CD: 89 01                                                 	MOV	[ECX],EAX
                                                                	;LEA	EDX,[EBP+8]	; *s++ =*j;
                                                                	;MOV	EBX,[EDX]
                                                                	;INC	EBX
                                                                	;MOV	[EBX],EAX
                                                                	;DEC	EAX
000000CF: FF 02                                                 	INC	DWORD [EDX]
000000D1: 8D 5D FC                                              	LEA	EBX,[EBP-4]
000000D4: 8B 13                                                 	MOV	EDX,[EBX]
000000D6: 0F BE 01                                              	MOVSX	EAX,BYTE [ECX]
000000D9: 88 02                                                 	MOV	[EDX],AL
                                                                
                                                                	;LEA	EBX,[EBP-4]	; *j-- =c;
                                                                	;MOV	EDX,[EBX]
                                                                	;DEC	EDX
                                                                	;MOV	[EBX],EDX
                                                                	;INC	EDX
                                                                	;PUSH	EDX
000000DB: FF 0B                                                 	DEC	DWORD [EBX]
                                                                	;LEA	ECX,[EBP-8]
000000DD: 8B 01                                                 	MOV	EAX,[ECX]
                                                                	;POP	EDX
000000DF: 88 02                                                 	MOV	[EDX],AL
000000E1: EB CD                                                 	JMP	short _lib_3
                                                                
                                                                ; copy string t to s
                                                                
                                                                _strcpy:			; strcpy(s,t) char *s,*t;
000000E3: 55                                                    	PUSH	EBP
000000E4: 89 E5                                                 	MOV	EBP,ESP
000000E6: 83 C4 FC                                              	ADD	ESP,-4		; char *d;
000000E9: 8D 5D 0C                                              	LEA	EBX,[EBP+12]
000000EC: 8B 03                                                 	MOV	EAX,[EBX]	; char *s
000000EE: 8D 55 FC                                              	LEA	EDX,[EBP-4]
000000F1: 89 02                                                 	MOV	[EDX],EAX	; d=s;
                                                                _strcpy_1:			; while(*s++ =*t++);
                                                                	;LEA	EBX,[EBP+12] 	; *s
000000F3: 8B 0B                                                 	MOV	ECX,[EBX]
                                                                	;INC	ECX
                                                                	;MOV	[EBX],ECX
                                                                	;DEC	ECX
000000F5: FF 03                                                 	INC	DWORD [EBX] 	; *s++
000000F7: 8D 45 08                                              	LEA	EAX,[EBP+8] 	; *t
000000FA: 8B 10                                                 	MOV	EDX,[EAX]
000000FC: FF 00                                                 	INC	DWORD [EAX] 	; *t++
000000FE: 0F BE 02                                              	MOVSX	EAX,BYTE [EDX]
00000101: 88 01                                                 	MOV	[ECX],AL	; *s++ =*t++
                                                                	; ebx = [EBP+12]
00000103: 09 C0                                                 	OR	EAX,EAX
00000105: 75 EC                                                 	JNZ	short _strcpy_1
00000107: 8D 5D FC                                              	LEA	EBX,[EBP-4] 	; pointer to d
0000010A: 8B 03                                                 	MOV	EAX,[EBX] 	; return (d);
0000010C: 89 EC                                                 	MOV	ESP,EBP
0000010E: 5D                                                    	POP	EBP
0000010F: C3                                                    	RETN
                                                                
                                                                ; return length of string s
                                                                
                                                                _strlen:			; strlen(s)
00000110: 55                                                    	PUSH	EBP
00000111: 89 E5                                                 	MOV	EBP,ESP
00000113: 83 C4 FC                                              	ADD	ESP,-4		; char *ptr;
00000116: 8D 55 08                                              	LEA	EDX,[EBP+8]
00000119: 8B 1A                                                 	MOV	EBX,[EDX]
0000011B: 8D 4D FC                                              	LEA	ECX,[EBP-4]
0000011E: 89 19                                                 	MOV	[ECX],EBX	; ptr=s;
                                                                _strlen_1:
                                                                	;LEA	ECX,[EBP-4]	; while(*ptr)
                                                                	;MOV	EBX,[ECX]
00000120: 0F BE 03                                              	MOVSX	EAX,BYTE [EBX]
00000123: 09 C0                                                 	OR	EAX,EAX
00000125: 74 05                                                 	JZ	short _strlen_2
                                                                ;_lib_13:
                                                                	;LEA	ECX,[EBP-4]
                                                                	;MOV	EBX,[ECX]
00000127: 43                                                    	INC	EBX
00000128: 89 19                                                 	MOV	[ECX],EBX	; ++ptr;
0000012A: EB F4                                                 	JMP	short _strlen_1
                                                                _strlen_2:
                                                                	;LEA	EDX,[EBP+8]
0000012C: 8B 0A                                                 	MOV	ECX,[EDX]	; s
0000012E: 8D 5D FC                                              	LEA	EBX,[EBP-4]	; ptr
00000131: 8B 03                                                 	MOV	EAX,[EBX]
00000133: 29 C8                                                 	SUB	EAX,ECX		; return (ptr-s);
00000135: 89 EC                                                 	MOV	ESP,EBP
00000137: 5D                                                    	POP	EBP
00000138: C3                                                    	RETN
                                                                
                                                                ; return upper-case of c if it is lower-case, else c
                                                                
                                                                _toupper:			; toupper(c)
00000139: 55                                                    	PUSH	EBP
0000013A: 89 E5                                                 	MOV	EBP,ESP
0000013C: 8D 45 08                                              	LEA	EAX,[EBP+8]	; if(c<='z' && c>='a')
0000013F: 8B 18                                                 	MOV	EBX,[EAX]	; int c;
00000141: B8 7A 00 00 00                                        	MOV	EAX,122		; 'z'
00000146: E8 FC FE FF FF                                        	CALL	__le
0000014B: 09 C0                                                 	OR	EAX,EAX
                                                                	;;JZ	short _lib_16
                                                                	;JZ	short _lib_15
0000014D: 74 11                                                 	JZ	short _toupper_ok ; condition 1 = false
                                                                ;_lib_18:
                                                                	;LEA	EAX,[EBP+8]
                                                                	;MOV	EBX,[EAX]
0000014F: B8 61 00 00 00                                        	MOV	EAX,97		; 'a'
00000154: E8 F5 FE FF FF                                        	CALL	__ge
00000159: 09 C0                                                 	OR	EAX,EAX
                                                                	;;JZ	short _lib_16
                                                                	;JZ	short _lib_15
0000015B: 74 03                                                 	JZ	short _toupper_ok ; condition 2 = false
                                                                ;_lib_19:
                                                                	;MOV	EAX,1
                                                                	; eax = 1
                                                                	;;JMP	short _lib_17
                                                                	;JMP	short _lib_20
                                                                ;_lib_16:
                                                                	;XOR	EAX,EAX
                                                                ;_lib_17:
                                                                	;OR	EAX,EAX
                                                                	;JZ	short _lib_15
                                                                ;_lib_20:
                                                                	;;LEA	EAX,[EBP+8]	; condition 1 & 2 = true
                                                                	;;MOV	EBX,[EAX]	; int c
                                                                	;MOV	EAX,32
                                                                	;SUB	EBX,EAX		; return (c-32);
0000015D: 83 EB 20                                              	SUB	EBX,32
                                                                _toupper_ok:	; return (c);
00000160: 93                                                    	XCHG	EAX,EBX
00000161: 5D                                                    	POP	EBP
00000162: C3                                                    	RETN
                                                                
                                                                ;_lib_15:
                                                                ;_toupper_ok:
                                                                	;;LEA	EBX,[EBP+8]
                                                                	;;MOV	EAX,[EBX]
                                                                	;; ebx = int c
                                                                	;XCHG	EAX,EBX		; return (c);
                                                                	;POP	EBP
                                                                	;RETN
                                                                
                                                                ; atoi(s) - convert s to integer.
                                                                
                                                                _atoi:				; atoi(s) char *s;
00000163: 55                                                    	PUSH	EBP
00000164: 89 E5                                                 	MOV	EBP,ESP
00000166: 83 C4 F8                                              	ADD	ESP,-8		; int sign,n;
                                                                ;_lib_22:
00000169: 8D 45 08                                              	LEA	EAX,[EBP+8]	; while(isspace(*s)) ++s;
0000016C: 8B 18                                                 	MOV	EBX,[EAX]
                                                                _lib_22:
0000016E: 0F BE 03                                              	MOVSX	EAX,BYTE [EBX]
00000171: 50                                                    	PUSH	EAX
                                                                	;MOV	CL,1
00000172: E8 70 08 00 00                                        	CALL	_isspace
00000177: 83 C4 04                                              	ADD	ESP,4
0000017A: 09 C0                                                 	OR	EAX,EAX
0000017C: 74 07                                                 	JZ	short _lib_23
                                                                _lib_24:
0000017E: 8D 5D 08                                              	LEA	EBX,[EBP+8]
00000181: FF 03                                                 	INC	DWORD [EBX]
00000183: EB E9                                                 	JMP	short _lib_22
                                                                _lib_23:
00000185: 8D 5D FC                                              	LEA	EBX,[EBP-4]	; sign = 1;
00000188: B8 01 00 00 00                                        	MOV	EAX,1
0000018D: 89 03                                                 	MOV	[EBX],EAX
0000018F: 8D 45 08                                              	LEA	EAX,[EBP+8]	; switch(*s)
00000192: 8B 18                                                 	MOV	EBX,[EAX]
00000194: 0F BE 03                                              	MOVSX	EAX,BYTE [EBX]
00000197: EB 11                                                 	JMP	short _lib_27
                                                                _lib_28:	
00000199: 8D 5D FC                                              	LEA	EBX,[EBP-4]	; case '-': sign=-1;
0000019C: B8 FF FF FF FF                                        	MOV	EAX, -1
000001A1: 89 03                                                 	MOV	[EBX],EAX
                                                                _lib_29:	
000001A3: 8D 5D 08                                              	LEA	EBX,[EBP+8]	; case '+': ++s;
                                                                	;MOV	EAX,[EBX]
                                                                	;INC	EAX
                                                                	;MOV	[EBX],EAX
000001A6: FF 03                                                 	INC	DWORD [EBX]
000001A8: EB 19                                                 	JMP	short _lib_26
                                                                _lib_27:
000001AA: E8 B3 FE FF FF                                        	CALL	__switch	; switch(*s) {
                                                                
000001AF: 99 01 00 00                                            DD _lib_28	; case '-':
000001B3: 2D 00 00 00                                            DD 45
000001B7: A3 01 00 00                                            DD _lib_29	; case '+':
000001BB: 2B 00 00 00                                            DD 43
000001BF: 00 00 00 00                                            DD 0
                                                                
                                                                _lib_26:
000001C3: 8D 5D F8                                              	LEA	EBX,[EBP-8]	; n=0;
000001C6: 31 C0                                                 	XOR	EAX,EAX
000001C8: 89 03                                                 	MOV	[EBX],EAX
                                                                _lib_30:
000001CA: 8D 45 08                                              	LEA	EAX,[EBP+8]	; while(isdigit(*s))
000001CD: 8B 18                                                 	MOV	EBX,[EAX]
000001CF: 0F BE 03                                              	MOVSX	EAX,BYTE [EBX]
000001D2: 50                                                    	PUSH	EAX
                                                                	;MOV	CL,1
000001D3: E8 8B 07 00 00                                        	CALL	_isdigit
000001D8: 83 C4 04                                              	ADD	ESP,4
000001DB: 09 C0                                                 	OR	EAX,EAX
000001DD: 74 1F                                                 	JZ	short _lib_31
                                                                _lib_32:
000001DF: 8D 5D F8                                              	LEA	EBX,[EBP-8]	; n=10*n+*s++ -'0';
000001E2: 8B 03                                                 	MOV	EAX,[EBX]
000001E4: B9 0A 00 00 00                                        	MOV	ECX,10
000001E9: F7 E9                                                 	IMUL	ECX
                                                                	; eax = 10*n
000001EB: 8D 55 08                                              	LEA	EDX,[EBP+8]
000001EE: 8B 0A                                                 	MOV	ECX,[EDX]
000001F0: FF 02                                                 	INC	DWORD [EDX]
000001F2: 0F BE 11                                              	MOVSX	EDX,BYTE [ECX]
000001F5: 01 D0                                                 	ADD	EAX,EDX
000001F7: 83 E8 30                                              	SUB	EAX,48		; '0'
000001FA: 89 03                                                 	MOV	[EBX],EAX
000001FC: EB CC                                                 	JMP	short _lib_30
                                                                _lib_31:
000001FE: 8D 5D F8                                              	LEA	EBX,[EBP-8]	; return (sign*n);
00000201: 8B 03                                                 	MOV	EAX,[EBX]	; n
00000203: 8D 5D FC                                              	LEA	EBX,[EBP-4]
00000206: 8B 0B                                                 	MOV	ECX,[EBX]	; sign
00000208: F7 E9                                                 	IMUL	ECX
0000020A: 89 EC                                                 	MOV	ESP,EBP
0000020C: 5D                                                    	POP	EBP
0000020D: C3                                                    	RETN
                                                                
                                                                ; atoib(s,b) - Convert s to "unsigned" integer in base b.
                                                                
                                                                _atoib:				; atoib(s,b)
0000020E: 55                                                    	PUSH	EBP
0000020F: 89 E5                                                 	MOV	EBP,ESP
00000211: 83 C4 F8                                              	ADD	ESP,-8		; int n, digit;
00000214: 8D 5D FC                                              	LEA	EBX,[EBP-4] 	; n=0;
00000217: 31 C0                                                 	XOR	EAX,EAX
00000219: 89 03                                                 	MOV	[EBX],EAX
                                                                _lib_34:
0000021B: 8D 45 0C                                              	LEA	EAX,[EBP+12]	; while(isspace(*s)) ++s;
0000021E: 8B 18                                                 	MOV	EBX,[EAX]
00000220: 0F BE 03                                              	MOVSX	EAX, BYTE [EBX]
00000223: 50                                                    	PUSH	EAX
                                                                	;MOV	CL,1
00000224: E8 BE 07 00 00                                        	CALL	_isspace
00000229: 83 C4 04                                              	ADD	ESP,4
0000022C: 09 C0                                                 	OR	EAX,EAX
0000022E: 74 07                                                 	JZ	short _lib_35
                                                                _lib_36:
00000230: 8D 5D 0C                                              	LEA	EBX,[EBP+12]	; ++s;
00000233: FF 03                                                 	INC	DWORD [EBX]
00000235: EB E4                                                 	JMP	short _lib_34
                                                                _lib_35:
                                                                _lib_37:
00000237: 8D 55 F8                                              	LEA	EDX,[EBP-8]	; while((digit=(127 & *s++))>='0')
0000023A: 8D 5D 0C                                              	LEA	EBX,[EBP+12]
0000023D: 8B 03                                                 	MOV	EAX,[EBX]
0000023F: FF 03                                                 	INC	DWORD [EBX]
00000241: 0F BE 18                                              	MOVSX	EBX,BYTE [EAX]
00000244: 83 E3 7F                                              	AND	EBX,127
00000247: 89 1A                                                 	MOV	[EDX],EBX
00000249: B8 30 00 00 00                                        	MOV	EAX,48		; '0'
0000024E: E8 FB FD FF FF                                        	CALL	__ge
00000253: 09 C0                                                 	OR	EAX,EAX
00000255: 75 09                                                 	JNE	short _lib_39
                                                                _lib_47:
                                                                _lib_38:
00000257: 8D 5D FC                                              	LEA	EBX,[EBP-4]	; return (n);
0000025A: 8B 03                                                 	MOV	EAX,[EBX]
0000025C: 89 EC                                                 	MOV	ESP,EBP
0000025E: 5D                                                    	POP	EBP
0000025F: C3                                                    	RETN
                                                                _lib_39:
                                                                	;LEA	EDX,[EBP-8]	; if(digit>='a')
00000260: 8B 1A                                                 	MOV	EBX,[EDX]
00000262: B8 61 00 00 00                                        	MOV	EAX,97		; 'a'
00000267: E8 E2 FD FF FF                                        	CALL	__ge
0000026C: 09 C0                                                 	OR	EAX,EAX
0000026E: 74 09                                                 	JE	short _lib_40
                                                                _lib_41:
                                                                	;LEA	EDX,[EBP-8]	; digit-=87;
00000270: 8B 02                                                 	MOV	EAX,[EDX]
00000272: 83 E8 57                                              	SUB	EAX,87		; a = 10, f = 15
00000275: 89 02                                                 	MOV	[EDX],EAX
00000277: EB 1E                                                 	JMP	short _lib_42
                                                                _lib_40:
                                                                	;LEA	EDX,[EBP-8]	; else if(digit>='A')
                                                                	;MOV	EBX,[EDX]
00000279: B8 41 00 00 00                                        	MOV	EAX,65		; 'A'
0000027E: E8 CB FD FF FF                                        	CALL	__ge
00000283: 09 C0                                                 	OR	EAX,EAX
00000285: 74 09                                                 	JE	short _lib_43
                                                                _lib_44:
                                                                	;LEA	EDX,[EBP-8]	; digit-=55;
00000287: 8B 02                                                 	MOV	EAX,[EDX]
00000289: 83 E8 37                                              	SUB	EAX,55		; A = 10, F = 15
0000028C: 89 02                                                 	MOV	[EDX],EAX
0000028E: EB 07                                                 	JMP	short _lib_45
                                                                _lib_43:
                                                                	;LEA	EDX,[EBP-8]	; else digit -= '0';
00000290: 8B 02                                                 	MOV	EAX,[EDX]
00000292: 83 E8 30                                              	SUB	EAX,48		; '0'
00000295: 89 02                                                 	MOV	[EDX],EAX
                                                                _lib_45:
                                                                _lib_42:
                                                                	;LEA	EDX,[EBP-8]	; if(digit>=b) break;
                                                                	;MOV	EAX,[EDX]
00000297: 50                                                    	PUSH	EAX		; digit
00000298: 8D 5D 08                                              	LEA	EBX,[EBP+8]
0000029B: 8B 03                                                 	MOV	EAX,[EBX]	; b
0000029D: 5B                                                    	POP	EBX
0000029E: E8 AB FD FF FF                                        	CALL	__ge
000002A3: 09 C0                                                 	OR	EAX,EAX
000002A5: 75 B0                                                 	JNE	short _lib_47
                                                                _lib_46:
000002A7: 8D 55 FC                                              	LEA	EDX,[EBP-4]	; n=b*n+digit;
000002AA: 8D 5D 08                                              	LEA	EBX,[EBP+8]
000002AD: 8B 0B                                                 	MOV	ECX,[EBX]	; b
                                                                	;LEA	EDX,[EBP-4]
000002AF: 8B 02                                                 	MOV	EAX,[EDX]	; n
000002B1: F7 E9                                                 	IMUL	ECX		; b*n
                                                                	; eax = b*n
000002B3: 8D 5D F8                                              	LEA	EBX,[EBP-8]
000002B6: 8B 0B                                                 	MOV	ECX,[EBX]
000002B8: 01 C8                                                 	ADD	EAX,ECX
000002BA: 89 02                                                 	MOV	[EDX],EAX
000002BC: E9 76 FF FF FF                                        	JMP	_lib_37
                                                                
                                                                ; Gets an entire string (including its newline terminator)
                                                                
                                                                _fgets:				; fgets(str,size,fd)
000002C1: 55                                                    	PUSH	EBP
000002C2: 89 E5                                                 	MOV	EBP,ESP		; return (_gets(str,size,fd,1));
000002C4: 8D 5D 10                                              	LEA	EBX,[EBP+16]
000002C7: 8B 03                                                 	MOV	EAX,[EBX]
000002C9: 50                                                    	PUSH	EAX		; str
000002CA: 8D 5D 0C                                              	LEA	EBX,[EBP+12]
000002CD: 8B 03                                                 	MOV	EAX,[EBX]
000002CF: 50                                                    	PUSH	EAX		; size
000002D0: 8D 5D 08                                              	LEA	EBX,[EBP+8]
000002D3: 8B 03                                                 	MOV	EAX,[EBX]
000002D5: 50                                                    	PUSH	EAX		; fd
000002D6: B8 01 00 00 00                                        	MOV	EAX,1
                                                                	;PUSH	EAX		; 1
                                                                	;;MOV	CL,4
                                                                	;CALL	__gets
                                                                	;;ADD	ESP,16
                                                                	;MOV	ESP,EBP
                                                                	;POP	EBP
                                                                	;RETN
000002DB: EB 17                                                 	JMP	short _gets_@
                                                                
                                                                ; Gets an entire string from stdin
                                                                ;	(excluding its newline terminator)
                                                                
                                                                	; /* TRDOS 386 v2 modification */
                                                                _gets:				; gets(str)
000002DD: 55                                                    	PUSH	EBP		; char *str;
000002DE: 89 E5                                                 	MOV	EBP,ESP
000002E0: 8D 5D 08                                              	LEA	EBX,[EBP+8]	; return (_gets(str,32767,stdin,0))
000002E3: 8B 03                                                 	MOV	EAX,[EBX]
000002E5: 50                                                    	PUSH	EAX		; str
000002E6: B8 FF 7F 00 00                                        	MOV	EAX,32767
000002EB: 50                                                    	PUSH	EAX		; size
000002EC: B8 FF FF FF FF                                        	MOV	EAX,-1 ; STDIN	; stdin is -1 for TRDOS 386
000002F1: 50                                                    	PUSH	EAX		; -1
000002F2: 31 C0                                                 	XOR	EAX,EAX
                                                                _gets_@:
000002F4: 50                                                    	PUSH	EAX		; 0
                                                                	;MOV	CL,4
000002F5: E8 04 00 00 00                                        	CALL	__gets
                                                                	;ADD	ESP,16
000002FA: 89 EC                                                 	MOV	ESP,EBP
000002FC: 5D                                                    	POP	EBP
000002FD: C3                                                    	RETN
                                                                
                                                                	; /* TRDOS 386 v2 modification */
                                                                __gets:
000002FE: 55                                                    	PUSH	EBP		; _gets(str,size,fd,nl)
000002FF: 89 E5                                                 	MOV	EBP,ESP	; char *str; unsigned size,fd,nl;
00000301: 83 C4 F8                                              	ADD	ESP,-8		; int backup; char *next;
00000304: 8D 5D 14                                              	LEA	EBX,[EBP+20]
00000307: 8B 03                                                 	MOV	EAX,[EBX]	; str
00000309: 8D 5D F8                                              	LEA	EBX,[EBP-8]	; next
0000030C: 89 03                                                 	MOV	[EBX],EAX	; next=str;
                                                                _gets_1:
                                                                _gets_2:
                                                                _gets_3:			; while(--size>0)
0000030E: 8D 5D 10                                              	LEA	EBX,[EBP+16]
00000311: 8B 03                                                 	MOV	EAX,[EBX]
00000313: 48                                                    	DEC	EAX
00000314: 89 03                                                 	MOV	[EBX],EAX	; --size
00000316: 8D 55 F8                                              	LEA	EDX,[EBP-8] ;*	; next
00000319: 8B 1A                                                 	MOV	EBX,[EDX] ;*
0000031B: 09 C0                                                 	OR	EAX,EAX
                                                                	;JNZ	short _gets_5
                                                                	;JMP	short _gets_4
0000031D: 74 3A                                                 	JZ	short _gets_4
                                                                ;_gets_4:
                                                                	;LEA	EDX,[EBP-8]	; *next = NULL;
                                                                	;MOV	EBX,[EDX]
                                                                	;XOR	EAX,EAX
                                                                	;MOV	[EBX],AL
                                                                	;LEA	EBX,[EBP+20]
                                                                	;MOV	EAX,[EBX]
                                                                	;MOV	ESP,EBP
                                                                	;POP	EBP
                                                                	;RETN
                                                                	;JMP	short _gets_9
                                                                _gets_5:			; {switch (*next=OS_fgetc(fd))
                                                                	;LEA	EDX,[EBP-8]
                                                                	;MOV	EBX,[EDX]
0000031F: 53                                                    	PUSH	EBX
00000320: 8D 5D 0C                                              	LEA	EBX,[EBP+12]
00000323: 8B 03                                                 	MOV	EAX,[EBX]
00000325: 50                                                    	PUSH	EAX		; fd
                                                                	;MOV	CL,1
00000326: E8 01 0B 00 00                                        	CALL	_OS_fgetc
0000032B: 83 C4 04                                              	ADD	ESP,4
0000032E: 5B                                                    	POP	EBX
0000032F: 88 03                                                 	MOV	[EBX],AL	; *next=OS_fgetc(fd)
00000331: EB 6A                                                 	JMP	short _gets_19
                                                                _gets_6:			; case EOF:
00000333: 8D 55 F8                                              	LEA	EDX,[EBP-8]	; *next=NULL;
00000336: 8B 1A                                                 	MOV	EBX,[EDX]
                                                                	;XOR	EAX,EAX
                                                                	;MOV	[EBX],AL
00000338: C6 03 00                                              	MOV	BYTE [EBX],0
                                                                	;LEA	EDX,[EBP-8]	; if(next==str)
                                                                	;MOV	EBX,[EDX]
0000033B: 8D 4D 14                                              	LEA	ECX,[EBP+20]
0000033E: 8B 01                                                 	MOV	EAX,[ECX]
00000340: E8 E6 FC FF FF                                        	CALL	__eq
00000345: 09 C0                                                 	OR	EAX,EAX
00000347: 74 13                                                 	JZ	short _gets_10
                                                                _gets_7:
00000349: 31 C0                                                 	XOR	EAX,EAX	; 0	; NULL
0000034B: 89 EC                                                 	MOV	ESP,EBP
0000034D: 5D                                                    	POP	EBP
0000034E: C3                                                    	RETN
                                                                _gets_8:			; case '\n':
0000034F: 8D 55 F8                                              	LEA	EDX,[EBP-8]	; *(next+nl)=NULL;
00000352: 8B 1A                                                 	MOV	EBX,[EDX]
00000354: 8D 4D 08                                              	LEA	ECX,[EBP+8]
                                                                	;MOV	EAX,[ECX]
                                                                	;ADD	EBX,EAX
00000357: 03 19                                                 	ADD	EBX,[ECX]
                                                                _gets_4:
                                                                _gets_9:
                                                                	;XOR	EAX,EAX	; 0	; NULL
                                                                	;MOV	[EBX],EAX	; *next = 0
00000359: C6 03 00                                              	MOV	BYTE [EBX],0
                                                                _gets_10:			; return (str);
0000035C: 8D 5D 14                                              	LEA	EBX,[EBP+20]
0000035F: 8B 03                                                 	MOV	EAX,[EBX]
00000361: 89 EC                                                 	MOV	ESP,EBP
00000363: 5D                                                    	POP	EBP
00000364: C3                                                    	RETN
                                                                _gets_11:			; case RUB: // \b
00000365: 8D 55 F8                                              	LEA	EDX,[EBP-8]	; if(next>str)
00000368: 8B 1A                                                 	MOV	EBX,[EDX]
0000036A: 8D 4D 14                                              	LEA	ECX,[EBP+20]
0000036D: 8B 01                                                 	MOV	EAX,[ECX]
0000036F: E8 A2 FC FF FF                                        	CALL	__ugt
00000374: 8D 5D FC                                              	LEA	EBX,[EBP-4] ; *
00000377: 09 C0                                                 	OR	EAX,EAX
00000379: 74 02                                                 	JZ	short _gets_13	; backup=0;
                                                                _gets_12:
                                                                	;LEA	EBX,[EBP-4] ; *	; backup=1;
                                                                	;MOV	EAX,1
                                                                	;MOV	[EBX],EAX ; **
0000037B: EB 11                                                 	JMP	short _gets_15
                                                                _gets_13:
                                                                	;LEA	EBX,[EBP-4] ; *
                                                                	;XOR	EAX,EAX
                                                                	;MOV	[EBX],EAX ; **
0000037D: EB 0F                                                 	JMP	short _gets_16
                                                                _gets_14:			; case WIPE:
0000037F: 8D 55 F8                                              	LEA	EDX,[EBP-8]
00000382: 8B 02                                                 	MOV	EAX,[EDX]	; next
00000384: 8D 4D 14                                              	LEA	ECX,[EBP+20]
00000387: 8B 19                                                 	MOV	EBX,[ECX]	; str
00000389: 29 D8                                                 	SUB	EAX,EBX
0000038B: 8D 5D FC                                              	LEA	EBX,[EBP-4]	; backup=next-str;
                                                                	;MOV	[EBX],EAX
                                                                _gets_15:
                                                                _gets_16:
0000038E: 89 03                                                 	MOV	[EBX],EAX ; **
                                                                _gets_17:
                                                                _gets_18:
00000390: 8D 5D F8                                              	LEA	EBX,[EBP-8]	; ++next;
00000393: 8B 03                                                 	MOV	EAX,[EBX]
00000395: 40                                                    	INC	EAX
00000396: 89 03                                                 	MOV	[EBX],EAX
00000398: E9 71 FF FF FF                                        	JMP	_gets_2	; while
                                                                
                                                                _gets_19:	; {switch (*next=OS_fgetc(fd))
0000039D: E8 C0 FC FF FF                                        	CALL	__switch
                                                                
000003A2: 33 03 00 00                                            DD _gets_6	; case EOF:
000003A6: FF FF FF FF                                            DD -1
000003AA: 4F 03 00 00                                            DD _gets_8	; case '\n':
000003AE: 0A 00 00 00                                            DD 10
000003B2: 65 03 00 00                                            DD _gets_11	; case RUB:
000003B6: 08 00 00 00                                            DD 8
000003BA: 7F 03 00 00                                            DD _gets_14	; case WIPE:
000003BE: 18 00 00 00                                            DD 24
000003C2: 00 00 00 00                                            DD 0		; default:
000003C6: EB C8                                                 	JMP	short _gets_18
                                                                
000003C8: 08 20 08 00                                           _gets_20: DB 8,32,8,0		; "\b \b"
                                                                
                                                                ; /* fprintf(fd, ctlstring, arg, arg, ...)
                                                                ; Formatted print. */
                                                                ; (b, c, d, o, s, u, and x specifications are supported.) */
                                                                
                                                                _fprintf:			; fprintf(argc) int argc;
000003CC: 55                                                    	PUSH	EBP
000003CD: 89 E5                                                 	MOV	EBP,ESP
000003CF: 83 C4 FC                                              	ADD	ESP,-4		; int *nxtarg;
                                                                
000003D2: E8 32 FC FF FF                                        	CALL	_CCARGC		; mov eax,cl ; library
                                                                	; eax = number of fprintf arguments
000003D7: 8D 5D 08                                              	LEA	EBX,[EBP+8]	; &argc
000003DA: 48                                                    	DEC	EAX ; *		; (sub eax,1)
000003DB: D1 E0                                                 	SHL	EAX,1
000003DD: D1 E0                                                 	SHL	EAX,1
000003DF: 01 D8                                                 	ADD	EAX,EBX
000003E1: 8D 5D FC                                              	LEA	EBX,[EBP-4]	; nxtarg
                                                                	;MOV	[EBX],EAX	; = CCARGC()+&argc;
                                                                				; return(_print(*(--nxtarg),--nxtarg));
                                                                	;LEA	EBX,[EBP-4]
                                                                	;MOV	EAX,[EBX]
                                                                	;SUB	EAX,4 *
000003E4: 89 03                                                 	MOV	[EBX],EAX	; fd address
000003E6: 8B 08                                                 	MOV	ECX,[EAX]
000003E8: 51                                                    	PUSH	ECX		; file number
                                                                	;LEA	EBX,[EBP-4]
                                                                	;MOV	EAX,[EBX]
000003E9: 83 E8 04                                              	SUB	EAX,4
000003EC: 89 03                                                 	MOV	[EBX],EAX
                                                                	;PUSH	EAX
                                                                	;;MOV	CL,2
                                                                	;CALL	__print
                                                                	;;ADD	ESP,8
                                                                	;MOV	ESP,EBP
                                                                	;POP	EBP
                                                                	;RETN
000003EE: EB 18                                                 	JMP	short _print_f_@
                                                                
                                                                ; /* printf(ctlstring, arg, arg, ...) - Formatted print.
                                                                ; (b, c, d, o, s, u, and x specifications are supported.)
                                                                ; Note: b (binary) is a non-standard extension. */
                                                                
                                                                _printf:
000003F0: 55                                                    	PUSH	EBP
000003F1: 89 E5                                                 	MOV	EBP,ESP
000003F3: B8 FF FF FF FF                                        	MOV	EAX,-1	; TRDOS 386 STDOUT/STDERR
000003F8: 50                                                    	PUSH	EAX		; (file number)
000003F9: E8 0B FC FF FF                                        	CALL	_CCARGC		; mov eax,cl ; library
                                                                	; eax = number of printf arguments
000003FE: 8D 5D 08                                              	LEA	EBX,[EBP+8]	; &argc
00000401: 48                                                    	DEC	EAX ; *		; (sub eax,1)
00000402: D1 E0                                                 	SHL	EAX,1
00000404: D1 E0                                                 	SHL	EAX,1
00000406: 01 D8                                                 	ADD	EAX,EBX		; CCARGC()+&argc-1
                                                                	;SUB	EAX,4 ; *
                                                                _print_f_@:
00000408: 50                                                    	PUSH	EAX
                                                                	;MOV	CL,2
00000409: E8 04 00 00 00                                        	CALL	__print
                                                                	;ADD	ESP,8
0000040E: 89 EC                                                 	MOV	ESP,EBP
00000410: 5D                                                    	POP	EBP
00000411: C3                                                    	RETN
                                                                
                                                                ; /* _print(fd, ctlstring, arg, arg, ...)
                                                                ; ** Called by fprintf() and printf(). */
                                                                
                                                                __print:			; _print(fd,nxtarg)
00000412: 55                                                    	PUSH	EBP		; int fd,*nxtarg;
00000413: 89 E5                                                 	MOV	EBP,ESP
                                                                		; int arg,left,pad,cc,len,maxchr,width;
00000415: 83 C4 C8                                              	ADD	ESP,-56		; char *ctl,*sptr,str[17];
00000418: 8D 5D F0                                              	LEA	EBX,[EBP-16]	; cc=0;
0000041B: 31 C0                                                 	XOR	EAX,EAX
0000041D: 89 03                                                 	MOV	[EBX],EAX
0000041F: 8D 5D E0                                              	LEA	EBX,[EBP-32]	; ctl=*nxtarg--;
00000422: 8D 55 08                                              	LEA	EDX,[EBP+8]
00000425: 8B 02                                                 	MOV	EAX,[EDX]
00000427: 8B 08                                                 	MOV	ECX,[EAX]
00000429: 89 0B                                                 	MOV	[EBX],ECX
0000042B: 83 E8 04                                              	SUB	EAX,4
0000042E: 89 02                                                 	MOV	[EDX],EAX
                                                                _lib_75:			; while(*ctl)
00000430: 8D 55 E0                                              	LEA	EDX,[EBP-32]
00000433: 8B 02                                                 	MOV	EAX,[EDX]
00000435: 0F BE 18                                              	MOVSX	EBX,BYTE [EAX]
00000438: 09 DB                                                 	OR	EBX,EBX
0000043A: 75 09                                                 	JNZ	short _lib_77
                                                                _lib_76:			; return (cc);
                                                                _lib_111:
0000043C: 8D 5D F0                                              	LEA	EBX,[EBP-16]
0000043F: 8B 03                                                 	MOV	EAX,[EBX]
00000441: 89 EC                                                 	MOV	ESP,EBP
00000443: 5D                                                    	POP	EBP
00000444: C3                                                    	RETN
                                                                _lib_77:			; {if(*ctl!='%')
                                                                	;LEA	EDX,[EBP-32]
                                                                	;MOV	EAX,[EDX]
                                                                	;MOVSX	EBX,BYTE [EAX]
00000445: B8 25 00 00 00                                        	MOV	EAX,37	; '%'
0000044A: E8 E3 FB FF FF                                        	CALL	__ne
0000044F: 09 C0                                                 	OR	EAX,EAX
00000451: 74 1D                                                 	JZ	short _lib_78	; else
                                                                _lib_79:
                                                                _lib_82: ; (!)
                                                                	;LEA	EDX,[EBP-32]	; {OS_fputc(*ctl++,fd);
00000453: 8B 1A                                                 	MOV	EBX,[EDX]
                                                                	;INC	EBX
                                                                	;MOV	[EDX],EBX
                                                                	;DEC	EBX
00000455: FF 02                                                 	INC	DWORD [EDX]
00000457: 0F BE 03                                              	MOVSX	EAX,BYTE [EBX]
0000045A: 50                                                    	PUSH	EAX		; *ctl (character)
                                                                
0000045B: 8D 5D 0C                                              	LEA	EBX,[EBP+12]	; fd (file number)
0000045E: 8B 03                                                 	MOV	EAX,[EBX]
00000460: 50                                                    	PUSH	EAX
                                                                	;MOV	CL,2
00000461: E8 05 0A 00 00                                        	CALL	_OS_fputc
00000466: 83 C4 08                                              	ADD	ESP,8
00000469: 8D 5D F0                                              	LEA	EBX,[EBP-16]	; ++cc;
                                                                	;MOV	EAX,[EBX]
                                                                	;INC	EAX
                                                                	;MOV	[EBX],EAX
0000046C: FF 03                                                 	INC	DWORD [EBX]
0000046E: EB C0                                                 	JMP	short _lib_75	; continue;
                                                                _lib_78:
                                                                	;LEA	EDX,[EBP-32]	; else ++ctl;
                                                                	;MOV	EAX,[EDX]
                                                                	;INC	EAX
                                                                	;MOV	[EDX],EAX
00000470: FF 02                                                 	INC	DWORD [EDX]	; (next char)
                                                                _lib_80:
                                                                	;LEA	EDX,[EBP-32]	; if(*ctl=='%')
00000472: 8B 02                                                 	MOV	EAX,[EDX]
00000474: 0F BE 18                                              	MOVSX	EBX,BYTE [EAX]  ; (*)
00000477: B8 25 00 00 00                                        	MOV	EAX,37	; '%'
0000047C: E8 AA FB FF FF                                        	CALL	__eq
00000481: 09 C0                                                 	OR	EAX,EAX
                                                                	;JZ	short _lib_81
00000483: 75 CE                                                 	JNZ	short _lib_82 ; (!)
                                                                ;_lib_82:			; %%
                                                                	;;LEA	EDX,[EBP-32]	; {OS_fputc(*ctl++,fd);
                                                                	;;MOV	EBX,[EDX]
                                                                	;;INC	EBX
                                                                	;;MOV	[EDX],EBX
                                                                	;;DEC	EBX
                                                                	;INC	DWORD [EDX]
                                                                	;;MOVSX	EAX,BYTE [EBX]
                                                                	;;PUSH	EAX ; (*)
                                                                	;PUSH	EBX ; (*)	; '%'
                                                                	;LEA	EAX,[EBP+12]	; fd (file number)
                                                                	;MOV	EAX,[EBX]	; STDOUT = -1 (TRDOS 386)
                                                                	;PUSH	EAX
                                                                	;;MOV	CL,2
                                                                	;CALL	_OS_fputc
                                                                	;ADD	ESP,8
                                                                	;LEA	EBX,[EBP-16]	; ++cc;
                                                                	;;MOV	EAX,[EBX]
                                                                	;;INC	EAX
                                                                	;;MOV	[EBX],EAX
                                                                	;INC	DWORD [EBX]
                                                                	;JMP	short _lib_75	; continue;
                                                                _lib_81: ; (!)
                                                                	;LEA	EDX,[EBP-32]	; if(*ctl=='-')
                                                                	;MOV	EAX,[EDX]
                                                                	;MOVSX	EBX,BYTE [EAX]
                                                                	; ebx = character (*ctl)
00000485: B8 2D 00 00 00                                        	MOV	EAX,45	; '-'
0000048A: E8 9C FB FF FF                                        	CALL	__eq
0000048F: 8D 5D F8                                              	LEA	EBX,[EBP-8] ; *
00000492: 89 03                                                 	MOV	[EBX],EAX ; *	; (eax = 0 or 1)
00000494: 09 C0                                                 	OR	EAX,EAX
00000496: 74 02                                                 	JZ	short _lib_83	; else
                                                                _lib_84:
                                                                	;LEA	EBX,[EBP-8] ; *	; {left=1; ++ctl;}
                                                                	;MOV	EAX,1
                                                                	; eax = 1
                                                                	;MOV	[EBX],EAX ; *
                                                                	;LEA	EDX,[EBP-32]	; ++ctl;
                                                                	;MOV	EAX,[EDX]
                                                                	;INC	EAX
                                                                	;MOV	[EDX],EAX
00000498: FF 02                                                 	INC	DWORD [EDX]
                                                                	;JMP	short _lib_85
                                                                _lib_83:
                                                                	;LEA	EBX,[EBP-8] ; *	; else left=0;
                                                                	;XOR	EAX,EAX
                                                                	; eax = 0
                                                                	;MOV	[EBX],EAX ; *
                                                                _lib_85:
                                                                	;LEA	EDX,[EBP-32]	; if(*ctl=='0') pad='0';
0000049A: 8B 02                                                 	MOV	EAX,[EDX]
0000049C: 0F BE 18                                              	MOVSX	EBX,BYTE [EAX]
0000049F: B8 30 00 00 00                                        	MOV	EAX,48	; '0'
000004A4: E8 82 FB FF FF                                        	CALL	__eq
000004A9: 8D 4D F4                                              	LEA	ECX,[EBP-12] ; *
000004AC: 09 C0                                                 	OR	EAX,EAX
                                                                	;JZ	short _lib_86	; else
000004AE: 75 05                                                 	JNZ	short _lib_88	; ** (ebx = '0')
                                                                _lib_87:
                                                                	;LEA	ECX,[EBP-12] ;*	; pad='0';
                                                                	;MOV	EAX,48	; '0'
                                                                	;MOV	[ECX],EAX
                                                                	; ebx = '0' = 48
                                                                	;MOV	[ECX],EBX
                                                                	;JMP	short _lib_88	; ** (ebx = '0')
                                                                _lib_86:			
                                                                	;LEA	ECX,[EBP-12] ; *
000004B0: BB 20 00 00 00                                        	MOV	EBX,32 ; space	; else pad=' ';
                                                                _lib_88: ; **
000004B5: 89 19                                                 	MOV	[ECX],EBX
                                                                ;_lib_88:
                                                                	;LEA	EDX,[EBP-32]	; if(isdigit(*ctl))
000004B7: 8B 1A                                                 	MOV	EBX,[EDX]
000004B9: 0F BE 03                                              	MOVSX	EAX,BYTE [EBX]
000004BC: 50                                                    	PUSH	EAX
                                                                	;MOV	CL,1
000004BD: E8 A1 04 00 00                                        	CALL	_isdigit
000004C2: 83 C4 04                                              	ADD	ESP,4
000004C5: 09 C0                                                 	OR	EAX,EAX
000004C7: 74 34                                                 	JZ	short _lib_89	; else
                                                                _lib_90:
000004C9: 8D 5D E0                                              	LEA	EBX,[EBP-32]	; ctl++
000004CC: 8B 03                                                 	MOV	EAX,[EBX]
000004CE: FF 03                                                 	INC	DWORD [EBX]
000004D0: 50                                                    	PUSH	EAX
                                                                	;MOV	CL,1
000004D1: E8 8D FC FF FF                                        	CALL	_atoi
000004D6: 83 C4 04                                              	ADD	ESP,4
000004D9: 8D 5D E4                                              	LEA	EBX,[EBP-28]	; width=atoi(ctl++);
000004DC: 89 03                                                 	MOV	[EBX],EAX
                                                                ;_lib_91:			; while(isdigit(*ctl))
000004DE: 8D 45 E0                                              	LEA	EAX,[EBP-32]
000004E1: 8B 18                                                 	MOV	EBX,[EAX]
                                                                _lib_91: ; *
000004E3: 0F BE 03                                              	MOVSX	EAX,BYTE [EBX]
000004E6: 50                                                    	PUSH	EAX
                                                                	;MOV	CL,1
000004E7: E8 77 04 00 00                                        	CALL	_isdigit
000004EC: 83 C4 04                                              	ADD	ESP,4
000004EF: 09 C0                                                 	OR	EAX,EAX
000004F1: 74 0F                                                 	JZ	short _lib_92
                                                                _lib_93:			; ++ctl;
000004F3: 8D 45 E0                                              	LEA	EAX,[EBP-32]
000004F6: 8B 18                                                 	MOV	EBX,[EAX]
000004F8: 43                                                    	INC	EBX
000004F9: 89 18                                                 	MOV	[EAX],EBX
000004FB: EB E6                                                 	JMP	short _lib_91 ;*; while
                                                                _lib_89:
000004FD: 8D 5D E4                                              	LEA	EBX,[EBP-28]	; else width=0;
                                                                	;XOR	EAX,EAX ; 0
                                                                	; eax = 0
00000500: 89 03                                                 	MOV	[EBX],EAX
                                                                _lib_92:
                                                                _lib_94:
00000502: 8D 55 E0                                              	LEA	EDX,[EBP-32]	; if(*ctl=='.')
00000505: 8B 0A                                                 	MOV	ECX,[EDX]
00000507: 0F BE 19                                              	MOVSX	EBX,BYTE [ECX]
0000050A: B8 2E 00 00 00                                        	MOV	EAX,46	; '.'
0000050F: E8 17 FB FF FF                                        	CALL	__eq
00000514: 09 C0                                                 	OR	EAX,EAX
00000516: 74 30                                                 	JZ	short _lib_95	; else
                                                                _lib_96:
                                                                	;LEA	EDX,[EBP-32]	; ++ctl
                                                                	;MOV	ECX,[EDX]
00000518: 41                                                    	INC	ECX
00000519: 89 0A                                                 	MOV	[EDX],ECX
0000051B: 51                                                    	PUSH	ECX
                                                                	;MOV	CL,1
0000051C: E8 42 FC FF FF                                        	CALL	_atoi
00000521: 83 C4 04                                              	ADD	ESP,4
00000524: 8D 5D E8                                              	LEA	EBX,[EBP-24]	; maxchr=atoi(++ctl);
00000527: 89 03                                                 	MOV	[EBX],EAX
                                                                ;_lib_97:
00000529: 8D 45 E0                                              	LEA	EAX,[EBP-32]	; while(isdigit(*ctl))
0000052C: 8B 18                                                 	MOV	EBX,[EAX]
                                                                _lib_97: ; *
0000052E: 0F BE 03                                              	MOVSX	EAX,BYTE [EBX]
00000531: 50                                                    	PUSH	EAX
                                                                	;MOV	CL,1
00000532: E8 2C 04 00 00                                        	CALL	_isdigit
00000537: 83 C4 04                                              	ADD	ESP,4
0000053A: 09 C0                                                 	OR	EAX,EAX
0000053C: 74 0F                                                 	JZ	short _lib_98
                                                                _lib_99:
0000053E: 8D 45 E0                                              	LEA	EAX,[EBP-32]	; ++ctl;
00000541: 8B 18                                                 	MOV	EBX,[EAX]
00000543: 43                                                    	INC	EBX
00000544: 89 18                                                 	MOV	[EAX],EBX
00000546: EB E6                                                 	JMP	short _lib_97 ;*; while
                                                                _lib_95:
00000548: 8D 5D E8                                              	LEA	EBX,[EBP-24]	; else maxchr=0;
                                                                	;XOR	EAX,EAX
                                                                	; eax = 0
0000054B: 89 03                                                 	MOV	[EBX],EAX
                                                                _lib_98:
                                                                _lib_100:			; arg=*nxtarg--;
0000054D: 8D 55 08                                              	LEA	EDX,[EBP+8]
00000550: 8B 1A                                                 	MOV	EBX,[EDX]	; *nxtarg
00000552: 83 2A 04                                              	SUB	DWORD [EDX],4
00000555: 8B 03                                                 	MOV	EAX,[EBX]
00000557: 8D 5D FC                                              	LEA	EBX,[EBP-4]	; arg
0000055A: 89 03                                                 	MOV	[EBX],EAX
0000055C: 8D 55 DC                                              	LEA	EDX,[EBP-36]	; sptr=str;
0000055F: 8D 45 C8                                              	LEA	EAX,[EBP-56]
00000562: 89 02                                                 	MOV	[EDX],EAX
00000564: 8D 5D E0                                              	LEA	EBX,[EBP-32]	; switch(*ctl++)
00000567: 8B 0B                                                 	MOV	ECX,[EBX]
00000569: FF 03                                                 	INC	DWORD [EBX]
0000056B: 0F BE 01                                              	MOVSX	EAX,BYTE [ECX]
0000056E: EB 4C                                                 	JMP	short _lib_103
                                                                _lib_104:			; case 'c':
00000570: 8D 55 C8                                              	LEA	EDX,[EBP-56]	; str[0]=arg;
00000573: 8D 5D FC                                              	LEA	EBX,[EBP-4]
00000576: 8B 03                                                 	MOV	EAX,[EBX]
00000578: 88 02                                                 	MOV	[EDX],AL
                                                                	;LEA	EDX,[EBP-56]
                                                                	;ADD	EDX,1
0000057A: 42                                                    	INC	EDX
0000057B: 31 C0                                                 	XOR	EAX,EAX ; 0
0000057D: 88 02                                                 	MOV	[EDX],AL	; str[1]=NULL;
0000057F: E9 96 00 00 00                                        	JMP	_lib_102	; break;
                                                                _lib_105:			; case 's':
00000584: 8D 5D FC                                              	LEA	EBX,[EBP-4]	; sptr=arg;
00000587: 8B 03                                                 	MOV	EAX,[EBX]
00000589: 8D 5D DC                                              	LEA	EBX,[EBP-36]
0000058C: 89 03                                                 	MOV	[EBX],EAX
0000058E: E9 87 00 00 00                                        	JMP	_lib_102	; break;
                                                                _lib_106:			; case 'd':
00000593: 8D 5D FC                                              	LEA	EBX,[EBP-4]	; itoa(arg,str);
00000596: 8B 03                                                 	MOV	EAX,[EBX]
00000598: 50                                                    	PUSH	EAX
00000599: 8D 45 C8                                              	LEA	EAX,[EBP-56]
0000059C: 50                                                    	PUSH	EAX
                                                                	;MOV	CL,2
0000059D: E8 99 04 00 00                                        	CALL	_itoa
000005A2: 83 C4 08                                              	ADD	ESP,8
000005A5: EB 73                                                 	JMP	short _lib_102	; break;
                                                                _lib_108:			; case 'o':
000005A7: B9 08 00 00 00                                        	MOV	ECX,8 ; *
                                                                	;LEA	EBX,[EBP-4]	; itoab(arg,str,8);
                                                                	;MOV	EAX,[EBX]
                                                                	;PUSH	EAX		; arg
                                                                	;LEA	EAX,[EBP-56]
                                                                	;PUSH	EAX		; str
                                                                	;MOV	EAX,8
                                                                	;;PUSH	EAX
                                                                	;;;MOV	CL,3
                                                                	;;CALL	_itoab
                                                                	;;;ADD	ESP,12
                                                                	;;JMP	short _lib_102	; break;
                                                                	;JMP	short _lib_116
000005AC: EB 59                                                 	JMP	short _lib_101
                                                                _lib_109:			; case 'u':
000005AE: B9 0A 00 00 00                                        	MOV	ECX,10 ; *
                                                                	;LEA	EBX,[EBP-4]	; itoab(arg,str,10);
                                                                	;MOV	EAX,[EBX]
                                                                	;PUSH	EAX		; arg
                                                                	;LEA	EAX,[EBP-56]
                                                                	;PUSH	EAX		; str
                                                                	;MOV	EAX,10
                                                                	;;PUSH	EAX
                                                                	;;;MOV	CL,3
                                                                	;;CALL	_itoab
                                                                	;;;ADD	ESP,12
                                                                	;;JMP	short _lib_102	; break;
                                                                	;JMP	short _lib_116
000005B3: EB 52                                                 	JMP	short _lib_101
                                                                _lib_110:			; case 'x':
000005B5: B9 10 00 00 00                                        	MOV	ECX,16 ; *
                                                                	;LEA	EBX,[EBP-4]	; itoab(arg,str,16);
                                                                	;MOV	EAX,[EBX]
                                                                	;PUSH	EAX		; arg
                                                                	;LEA	EAX,[EBP-56]
                                                                	;PUSH	EAX		; str
                                                                	;MOV	EAX,16
                                                                	;;PUSH	EAX
                                                                	;;;MOV	CL,3
                                                                	;;CALL	_itoab
                                                                	;;;ADD	ESP,12
                                                                	;;JMP	short _lib_102	; break;
                                                                	;JMP	short _lib_116
000005BA: EB 4B                                                 	JMP	short _lib_101
                                                                
                                                                ;_lib_111:
                                                                	;LEA	EAX,[EBP-16]
                                                                	;MOV	EBX,EAX
                                                                	;MOV	EAX,[EBX]
                                                                	;MOV	ESP,EBP
                                                                	;POP	EBP
                                                                	;RETN
                                                                
                                                                _lib_103:			; switch(*ctl++)
000005BC: E8 A1 FA FF FF                                        	CALL	__switch
                                                                
000005C1: 70 05 00 00                                            DD _lib_104	; case 'c':
000005C5: 63 00 00 00                                            DD 99
000005C9: 84 05 00 00                                            DD _lib_105	; case 's':
000005CD: 73 00 00 00                                            DD 115
000005D1: 93 05 00 00                                            DD _lib_106	; case 'd':
000005D5: 64 00 00 00                                            DD 100
000005D9: 02 06 00 00                                            DD _lib_107	; case 'b':
000005DD: 62 00 00 00                                            DD 98
000005E1: A7 05 00 00                                            DD _lib_108	; case 'o':
000005E5: 6F 00 00 00                                            DD 111
000005E9: AE 05 00 00                                            DD _lib_109	; case 'u':
000005ED: 75 00 00 00                                            DD 117
000005F1: B5 05 00 00                                            DD _lib_110	; case 'x':
000005F5: 78 00 00 00                                            DD 120
000005F9: 00 00 00 00                                            DD 0		; default:
000005FD: E9 3A FE FF FF                                        	JMP	_lib_111	; return (cc);
                                                                
                                                                _lib_107:			; case 'b':
00000602: B9 02 00 00 00                                        	MOV	ECX,2 ; *
                                                                _lib_101:
                                                                	; ecx = number base (2,8,10,16)
00000607: 8D 5D FC                                              	LEA	EBX,[EBP-4]	; itoab(arg,str,?);
0000060A: 8B 03                                                 	MOV	EAX,[EBX]
0000060C: 50                                                    	PUSH	EAX		; arg
0000060D: 8D 45 C8                                              	LEA	EAX,[EBP-56]
00000610: 50                                                    	PUSH	EAX		; str
                                                                _lib_116:
                                                                	;PUSH	EAX
00000611: 51                                                    	PUSH	ECX ; *
                                                                	;MOV	CL,3
00000612: E8 8C 04 00 00                                        	CALL	_itoab
00000617: 83 C4 0C                                              	ADD	ESP,12
                                                                _lib_102:
0000061A: 8D 5D DC                                              	LEA	EBX,[EBP-36]
0000061D: 8B 03                                                 	MOV	EAX,[EBX]
0000061F: 50                                                    	PUSH	EAX
                                                                	;MOV	CL,1
00000620: E8 EB FA FF FF                                        	CALL	_strlen
00000625: 83 C4 04                                              	ADD	ESP,4
00000628: 8D 4D EC                                              	LEA	ECX,[EBP-20]
0000062B: 89 01                                                 	MOV	[ECX],EAX	; len=strlen(sptr);
0000062D: 8D 55 E8                                              	LEA	EDX,[EBP-24]	; if(maxchr && maxchr<len)
00000630: 8B 1A                                                 	MOV	EBX,[EDX]
00000632: 09 DB                                                 	OR	EBX,EBX
                                                                	;JZ	short _lib_113
00000634: 74 0D                                                 	JZ	short _lib_112	; *
                                                                _lib_115:
                                                                	;LEA	EDX,[EBP-24]	; maxchr
                                                                	;MOV	EBX,[EDX]
                                                                	;LEA	ECX,[EBP-20]	; len
                                                                	;MOV	EAX,[ECX]
00000636: E8 FE F9 FF FF                                        	CALL	__lt
0000063B: 09 C0                                                 	OR	EAX,EAX
0000063D: 74 02                                                 	JZ	short _lib_113
                                                                _lib_114:
                                                                _lib_117:
                                                                	;LEA	ECX,[EBP-20]
                                                                	;LEA	EDX,[EBP-24]
                                                                	;MOV	EBX,[EDX]
0000063F: 89 19                                                 	MOV	[ECX],EBX	; len=maxchr;
                                                                _lib_113:
                                                                	;LEA	ECX,[EBP-20]	; len
00000641: 8B 01                                                 	MOV	EAX,[ECX]
                                                                _lib_112: ; *			; if(width>len)
00000643: 8D 55 E4                                              	LEA	EDX,[EBP-28]
00000646: 8B 1A                                                 	MOV	EBX,[EDX]	; width
00000648: E8 F3 F9 FF FF                                        	CALL	__gt
0000064D: 09 C0                                                 	OR	EAX,EAX
0000064F: 74 08                                                 	JZ	short _lib_118	; else
                                                                _lib_119:
                                                                	;LEA	EDX,[EBP-28]	; width=width-len;
                                                                	;MOV	EBX,[EDX]
                                                                	;LEA	ECX,[EBP-20]
00000651: 8B 01                                                 	MOV	EAX,[ECX]	; len
00000653: 29 C3                                                 	SUB	EBX,EAX
00000655: 89 1A                                                 	MOV	[EDX],EBX
00000657: EB 02                                                 	JMP	short _lib_120
                                                                _lib_118:
                                                                	;LEA	EDX,[EBP-28]	; else width=0;
                                                                	;XOR	EAX,EAX
                                                                	; eax = 0
00000659: 89 02                                                 	MOV	[EDX],EAX
                                                                _lib_120:
0000065B: 8D 5D F8                                              	LEA	EBX,[EBP-8]	; if(!left)
0000065E: 8B 03                                                 	MOV	EAX,[EBX]
00000660: E8 F0 F9 FF FF                                        	CALL	__lneg
00000665: 09 C0                                                 	OR	EAX,EAX
00000667: 74 26                                                 	JZ	short _lib_121
                                                                _lib_122:
                                                                _lib_123:
                                                                	;LEA	EDX,[EBP-28]	; while(width--)
00000669: 8B 02                                                 	MOV	EAX,[EDX]
0000066B: FF 0A                                                 	DEC	DWORD [EDX]
0000066D: 09 C0                                                 	OR	EAX,EAX
0000066F: 74 1E                                                 	JZ	short _lib_124
                                                                _lib_125:
00000671: 8D 5D F4                                              	LEA	EBX,[EBP-12]	; {OS_fputc(pad,fd);
00000674: 8B 03                                                 	MOV	EAX,[EBX]
00000676: 50                                                    	PUSH	EAX
00000677: 8D 5D 0C                                              	LEA	EBX,[EBP+12]	; fd
0000067A: 8B 03                                                 	MOV	EAX,[EBX]
0000067C: 50                                                    	PUSH	EAX
                                                                	;MOV	CL,2
0000067D: E8 E9 07 00 00                                        	CALL	_OS_fputc
00000682: 83 C4 08                                              	ADD	ESP,8
00000685: 8D 5D F0                                              	LEA	EBX,[EBP-16]	; ++cc;}
                                                                	;MOV	EAX,[EBX]
                                                                	;INC	EAX
                                                                	;MOV	[EBX],EAX
00000688: FF 03                                                 	INC	DWORD [EBX]
0000068A: 8D 55 E4                                              	LEA	EDX,[EBP-28]
0000068D: EB DA                                                 	JMP	short _lib_123
                                                                _lib_124:
                                                                _lib_121:
                                                                _lib_126:
0000068F: 8D 5D EC                                              	LEA	EBX,[EBP-20]	; while(len--)
00000692: 8B 03                                                 	MOV	EAX,[EBX]
00000694: 48                                                    	DEC	EAX
00000695: 89 03                                                 	MOV	[EBX],EAX
00000697: 40                                                    	INC	EAX
                                                                	;OR	EAX,EAX
00000698: 74 20                                                 	JZ	short _lib_127
                                                                _lib_128:
0000069A: 8D 55 DC                                              	LEA	EDX,[EBP-36]	; {OS_fputc(*sptr++,fd);
0000069D: 8B 1A                                                 	MOV	EBX,[EDX]
0000069F: FF 02                                                 	INC	DWORD [EDX]
000006A1: 0F BE 03                                              	MOVSX	EAX,BYTE [EBX]
000006A4: 50                                                    	PUSH	EAX
000006A5: 8D 5D 0C                                              	LEA	EBX,[EBP+12]	; fd (file number)
000006A8: 8B 03                                                 	MOV	EAX,[EBX]
000006AA: 50                                                    	PUSH	EAX
                                                                	;MOV	CL,2
000006AB: E8 BB 07 00 00                                        	CALL	_OS_fputc
000006B0: 83 C4 08                                              	ADD	ESP,8
000006B3: 8D 5D F0                                              	LEA	EBX,[EBP-16]	; ++cc;}
000006B6: FF 03                                                 	INC	DWORD [EBX]
000006B8: EB D5                                                 	JMP	short _lib_126
                                                                _lib_127:
000006BA: 8D 5D F8                                              	LEA	EBX,[EBP-8]	; if(left)
000006BD: 8B 03                                                 	MOV	EAX,[EBX]
000006BF: 09 C0                                                 	OR	EAX,EAX
000006C1: 74 26                                                 	JZ	short _lib_129
                                                                _lib_130:
                                                                _lib_131:
000006C3: 8D 5D E4                                              	LEA	EBX,[EBP-28]	; while(width--)
000006C6: 8B 03                                                 	MOV	EAX,[EBX]
000006C8: 48                                                    	DEC	EAX
000006C9: 89 03                                                 	MOV	[EBX],EAX
000006CB: 40                                                    	INC	EAX
                                                                	;OR	EAX,EAX
000006CC: 74 1B                                                 	JZ	short _lib_132
                                                                _lib_133:
000006CE: 8D 5D F4                                              	LEA	EBX,[EBP-12]	; {OS_fputc(pad,fd);
000006D1: 8B 03                                                 	MOV	EAX,[EBX]
000006D3: 50                                                    	PUSH	EAX		; pad
000006D4: 8D 5D 0C                                              	LEA	EBX,[EBP+12]
000006D7: 8B 03                                                 	MOV	EAX,[EBX]
000006D9: 50                                                    	PUSH	EAX		; fd
                                                                	;MOV	CL,2
000006DA: E8 8C 07 00 00                                        	CALL	_OS_fputc
000006DF: 83 C4 08                                              	ADD	ESP,8
000006E2: 8D 5D F0                                              	LEA	EBX,[EBP-16]	; ++cc;}
000006E5: FF 03                                                 	INC	DWORD [EBX]
000006E7: EB DA                                                 	JMP	short _lib_131
                                                                _lib_132:
                                                                _lib_129:
000006E9: E9 42 FD FF FF                                        	JMP	_lib_75		; while(*ctl)
                                                                
                                                                
                                                                _fputs:				; fputs(string,fd)
000006EE: 55                                                    	PUSH	EBP
000006EF: 89 E5                                                 	MOV	EBP,ESP
                                                                _fputs_1:
000006F1: 8D 45 0C                                              	LEA	EAX,[EBP+12]	; while(*string)
000006F4: 8B 18                                                 	MOV	EBX,[EAX]
000006F6: 0F BE 03                                              	MOVSX	EAX,BYTE [EBX]	; *string (char)
000006F9: 09 C0                                                 	OR	EAX,EAX
000006FB: 74 16                                                 	JZ	short _fputs_2	; char = 0 (ASCIIZ string)
                                                                ;_lib_137:
000006FD: 50                                                    	PUSH	EAX
000006FE: 8D 45 0C                                              	LEA	EAX,[EBP+12]	; OS_fputc(*string++,fd);
                                                                	;MOV	EBX,[EAX]
                                                                	;INC	EBX
                                                                	;MOV	[EAX],EBX
                                                                	;DEC	EBX
00000701: FF 00                                                 	INC	DWORD [EAX]	; *string++
                                                                				; (points to the next char)
                                                                	;MOVSX	EAX, BYTE [EBX]	; char (> 0)
                                                                	;PUSH	EAX
00000703: 8D 5D 08                                              	LEA	EBX,[EBP+8]
00000706: 8B 03                                                 	MOV	EAX,[EBX]	; fd (-1 -> STDOUT/STDERR)
00000708: 50                                                    	PUSH	EAX
                                                                	;MOV	CL,2
00000709: E8 5D 07 00 00                                        	CALL	_OS_fputc
0000070E: 83 C4 08                                              	ADD	ESP,8
00000711: EB DE                                                 	JMP	short _fputs_1	; jump to while(*string)
                                                                _fputs_2:
00000713: 5D                                                    	POP	EBP
00000714: C3                                                    	RETN
                                                                
                                                                ;#define ALNUM     1
                                                                ;#define ALPHA     2
                                                                ;#define CNTRL     4
                                                                ;#define DIGIT     8
                                                                ;#define GRAPH    16
                                                                ;#define LOWER    32
                                                                ;#define PRINT    64
                                                                ;#define PUNCT   128
                                                                ;#define BLANK   256
                                                                ;#define UPPER   512
                                                                ;#define XDIGIT 1024
                                                                
                                                                __is:				; int _is[128] =
00000715: 04 00 00 00 04 00 00 00 04 00 00 00 04 00 00 00        DD 004h, 004h, 004h, 004h, 004h, 004h, 004h, 004h
          04 00 00 00 04 00 00 00 04 00 00 00 04 00 00 00       
00000735: 04 00 00 00 04 01 00 00 04 01 00 00 04 01 00 00        DD 004h, 104h, 104h, 104h, 104h, 104h, 004h, 004h
          04 01 00 00 04 01 00 00 04 00 00 00 04 00 00 00       
00000755: 04 00 00 00 04 00 00 00 04 00 00 00 04 00 00 00        DD 004h, 004h, 004h, 004h, 004h, 004h, 004h, 004h
          04 00 00 00 04 00 00 00 04 00 00 00 04 00 00 00       
00000775: 04 00 00 00 04 00 00 00 04 00 00 00 04 00 00 00        DD 004h, 004h, 004h, 004h, 004h, 004h, 004h, 004h
          04 00 00 00 04 00 00 00 04 00 00 00 04 00 00 00       
00000795: 40 01 00 00 D0 00 00 00 D0 00 00 00 D0 00 00 00        DD 140h, 0D0h, 0D0h, 0D0h, 0D0h, 0D0h, 0D0h, 0D0h
          D0 00 00 00 D0 00 00 00 D0 00 00 00 D0 00 00 00       
000007B5: D0 00 00 00 D0 00 00 00 D0 00 00 00 D0 00 00 00        DD 0D0h, 0D0h, 0D0h, 0D0h, 0D0h, 0D0h, 0D0h, 0D0h
          D0 00 00 00 D0 00 00 00 D0 00 00 00 D0 00 00 00       
000007D5: 59 04 00 00 59 04 00 00 59 04 00 00 59 04 00 00        DD 459h, 459h, 459h, 459h, 459h, 459h, 459h, 459h
          59 04 00 00 59 04 00 00 59 04 00 00 59 04 00 00       
000007F5: 59 04 00 00 59 04 00 00 D0 00 00 00 D0 00 00 00        DD 459h, 459h, 0D0h, 0D0h, 0D0h, 0D0h, 0D0h, 0D0h
          D0 00 00 00 D0 00 00 00 D0 00 00 00 D0 00 00 00       
00000815: D0 00 00 00 53 06 00 00 53 06 00 00 53 06 00 00        DD 0D0h, 653h, 653h, 653h, 653h, 653h, 653h, 253h
          53 06 00 00 53 06 00 00 53 06 00 00 53 02 00 00       
00000835: 53 02 00 00 53 02 00 00 53 02 00 00 53 02 00 00        DD 253h, 253h, 253h, 253h, 253h, 253h, 253h, 253h
          53 02 00 00 53 02 00 00 53 02 00 00 53 02 00 00       
00000855: 53 02 00 00 53 02 00 00 53 02 00 00 53 02 00 00        DD 253h, 253h, 253h, 253h, 253h, 253h, 253h, 253h
          53 02 00 00 53 02 00 00 53 02 00 00 53 02 00 00       
00000875: 53 02 00 00 53 02 00 00 53 02 00 00 D0 00 00 00        DD 253h, 253h, 253h, 0D0h, 0D0h, 0D0h, 0D0h, 0D0h
          D0 00 00 00 D0 00 00 00 D0 00 00 00 D0 00 00 00       
00000895: D0 00 00 00 73 04 00 00 73 04 00 00 73 04 00 00        DD 0D0h, 473h, 473h, 473h, 473h, 473h, 473h, 073h
          73 04 00 00 73 04 00 00 73 04 00 00 73 00 00 00       
000008B5: 73 00 00 00 73 00 00 00 73 00 00 00 73 00 00 00        DD 073h, 073h, 073h, 073h, 073h, 073h, 073h, 073h
          73 00 00 00 73 00 00 00 73 00 00 00 73 00 00 00       
000008D5: 73 00 00 00 73 00 00 00 73 00 00 00 73 00 00 00        DD 073h, 073h, 073h, 073h, 073h, 073h, 073h, 073h
          73 00 00 00 73 00 00 00 73 00 00 00 73 00 00 00       
000008F5: 73 00 00 00 73 00 00 00 73 00 00 00 D0 00 00 00        DD 073h, 073h, 073h, 0D0h, 0D0h, 0D0h, 0D0h, 004h
          D0 00 00 00 D0 00 00 00 D0 00 00 00 04 00 00 00       
                                                                
                                                                ; isalnum (c) int c; {return (_is[c] & ALNUM);}
                                                                ; /* 'a'-'z', 'A'-'Z', '0'-'9' */
                                                                
                                                                _isalnum:
00000915: 55                                                    	PUSH	EBP
00000916: 89 E5                                                 	MOV	EBP,ESP
00000918: 8D 5D 08                                              	LEA	EBX,[EBP+8]
0000091B: 8B 03                                                 	MOV	EAX,[EBX]	; int c;
0000091D: BB 15 07 00 00                                        	MOV	EBX,__is
00000922: D1 E0                                                 	SHL	EAX,1
00000924: D1 E0                                                 	SHL	EAX,1
00000926: 01 C3                                                 	ADD	EBX,EAX
00000928: 8B 03                                                 	MOV	EAX,[EBX]
                                                                	;MOV	EBX,1		; ALNUM
                                                                	;AND	EAX,EBX		; return (_is[c] & ALNUM);
0000092A: 83 E0 01                                              	AND	EAX,1		; (bit 0)
0000092D: 5D                                                    	POP	EBP
0000092E: C3                                                    	RETN
                                                                
                                                                ;isalpha (c) int c; {return (_is[c] & ALPHA);}
                                                                ; /* 'a'-'z', 'A'-'Z' */
                                                                
                                                                _isalpha:
0000092F: 55                                                    	PUSH	EBP
00000930: 89 E5                                                 	MOV	EBP,ESP
00000932: 8D 5D 08                                              	LEA	EBX,[EBP+8]
00000935: 8B 03                                                 	MOV	EAX,[EBX]	; int c;
00000937: BB 15 07 00 00                                        	MOV	EBX,__is
0000093C: D1 E0                                                 	SHL	EAX,1
0000093E: D1 E0                                                 	SHL	EAX,1
00000940: 01 C3                                                 	ADD	EBX,EAX
00000942: 8B 03                                                 	MOV	EAX,[EBX]
                                                                	;MOV	EBX,2		; ALPHA
                                                                	;AND	EAX,EBX		; return (_is[c] & ALPHA);
00000944: 83 E0 02                                              	AND	EAX,2		; (bit 1)
00000947: 5D                                                    	POP	EBP
00000948: C3                                                    	RETN
                                                                
                                                                ; iscntrl (c) int c; {return (_is[c] & CNTRL);}
                                                                ; /* 0-31, 127 */
                                                                
                                                                _iscntrl:
00000949: 55                                                    	PUSH	EBP
0000094A: 89 E5                                                 	MOV	EBP,ESP
0000094C: 8D 5D 08                                              	LEA	EBX,[EBP+8]
0000094F: 8B 03                                                 	MOV	EAX,[EBX]	; int c;
00000951: BB 15 07 00 00                                        	MOV	EBX,__is
00000956: D1 E0                                                 	SHL	EAX,1
00000958: D1 E0                                                 	SHL	EAX,1
0000095A: 01 C3                                                 	ADD	EBX,EAX
0000095C: 8B 03                                                 	MOV	EAX,[EBX]
                                                                	;MOV	EBX,4		; CNTRL
                                                                	;AND	EAX,EBX		; return (_is[c] & CNTRL);
0000095E: 83 E0 04                                              	AND	EAX,4		; (bit 2)
00000961: 5D                                                    	POP	EBP
00000962: C3                                                    	RETN
                                                                
                                                                ;isdigit (c) int c; {return (_is[c] & DIGIT );}
                                                                ; /* '0'-'9' */
                                                                
                                                                _isdigit:
00000963: 55                                                    	PUSH	EBP
00000964: 89 E5                                                 	MOV	EBP,ESP
00000966: 8D 5D 08                                              	LEA	EBX,[EBP+8]
00000969: 8B 03                                                 	MOV	EAX,[EBX]	; int c;
0000096B: BB 15 07 00 00                                        	MOV	EBX,__is
00000970: D1 E0                                                 	SHL	EAX,1
00000972: D1 E0                                                 	SHL	EAX,1
00000974: 01 C3                                                 	ADD	EBX,EAX
00000976: 8B 03                                                 	MOV	EAX,[EBX]
                                                                	;MOV	EBX,8		; DIGIT
                                                                	;AND	EAX,EBX		; return (_is[c] & DIGIT);
00000978: 83 E0 08                                              	AND	EAX,8		; (bit 3)
0000097B: 5D                                                    	POP	EBP
0000097C: C3                                                    	RETN
                                                                
                                                                ;isgraph (c) int c; {return (_is[c] & GRAPH);}
                                                                ; /* '!'-'~' */
                                                                
                                                                _isgraph:
0000097D: 55                                                    	PUSH	EBP
0000097E: 89 E5                                                 	MOV	EBP,ESP
00000980: 8D 5D 08                                              	LEA	EBX,[EBP+8]
00000983: 8B 03                                                 	MOV	EAX,[EBX]	; int c;
00000985: BB 15 07 00 00                                        	MOV	EBX,__is
0000098A: D1 E0                                                 	SHL	EAX,1
0000098C: D1 E0                                                 	SHL	EAX,1
0000098E: 01 C3                                                 	ADD	EBX,EAX
00000990: 8B 03                                                 	MOV	EAX,[EBX]
                                                                	;MOV	EBX,16		; GRAPH
                                                                	;AND	EAX,EBX		; return (_is[c] & GRAPH);
00000992: 83 E0 10                                              	AND	EAX,16		; (bit 4)
00000995: 5D                                                    	POP	EBP
00000996: C3                                                    	RETN
                                                                
                                                                ;islower (c) int c; {return (_is[c] & LOWER);}
                                                                ; /* 'a'-'z' */
                                                                
                                                                _islower:
00000997: 55                                                    	PUSH	EBP
00000998: 89 E5                                                 	MOV	EBP,ESP
0000099A: 8D 5D 08                                              	LEA	EBX,[EBP+8]
0000099D: 8B 03                                                 	MOV	EAX,[EBX]	; int c;
0000099F: BB 15 07 00 00                                        	MOV	EBX, __is
000009A4: D1 E0                                                 	SHL	EAX,1
000009A6: D1 E0                                                 	SHL	EAX,1
000009A8: 01 C3                                                 	ADD	EBX,EAX
000009AA: 8B 03                                                 	MOV	EAX,[EBX]
                                                                	;MOV	EBX,32		; LOWER
                                                                	;AND	EAX,EBX		; return (_is[c] & LOWER);
000009AC: 83 E0 20                                              	AND	EAX,32		; (bit 5)
000009AF: 5D                                                    	POP	EBP
000009B0: C3                                                    	RETN
                                                                
                                                                ;isprint (c) int c; {return (_is[c] & PRINT);}
                                                                ; /* ' '-'~' */
                                                                
                                                                _isprint:
000009B1: 55                                                    	PUSH	EBP
000009B2: 89 E5                                                 	MOV	EBP,ESP
000009B4: 8D 5D 08                                              	LEA	EBX,[EBP+8]
000009B7: 8B 03                                                 	MOV	EAX,[EBX]	; int c;
000009B9: BB 15 07 00 00                                        	MOV	EBX, __is
000009BE: D1 E0                                                 	SHL	EAX,1
000009C0: D1 E0                                                 	SHL	EAX,1
000009C2: 01 C3                                                 	ADD	EBX,EAX
000009C4: 8B 03                                                 	MOV	EAX,[EBX]
                                                                	;MOV	EBX,64		; PRINT
                                                                	;AND	EAX,EBX		; return (_is[c] & PRINT);
000009C6: 83 E0 40                                              	AND	EAX,64		; (bit 6)
000009C9: 5D                                                    	POP	EBP
000009CA: C3                                                    	RETN
                                                                
                                                                ;ispunct (c) int c; {return (_is[c] & PUNCT);}
                                                                ; /* !alnum && !cntrl && !space */
                                                                
                                                                _ispunct:
000009CB: 55                                                    	PUSH	EBP
000009CC: 89 E5                                                 	MOV	EBP,ESP
000009CE: 8D 5D 08                                              	LEA	EBX,[EBP+8]
000009D1: 8B 03                                                 	MOV	EAX,[EBX]	; int c;
000009D3: BB 15 07 00 00                                        	MOV	EBX, __is
000009D8: D1 E0                                                 	SHL	EAX,1
000009DA: D1 E0                                                 	SHL	EAX,1
000009DC: 01 C3                                                 	ADD	EBX,EAX
000009DE: 8B 03                                                 	MOV	EAX,[EBX]
                                                                	;MOV	EBX,128		; PUNCT
                                                                	;AND	EAX,EBX		; return (_is[c] & PUNCT);
000009E0: 25 80 00 00 00                                        	AND	EAX,128		; (bit 7)
000009E5: 5D                                                    	POP	EBP
000009E6: C3                                                    	RETN
                                                                
                                                                ;isspace (c) int c; {return (_is[c] & BLANK);}
                                                                ; /* HT, LF, VT, FF, CR, ' ' */
                                                                
                                                                _isspace:
000009E7: 55                                                    	PUSH	EBP
000009E8: 89 E5                                                 	MOV	EBP,ESP
000009EA: 8D 5D 08                                              	LEA	EBX,[EBP+8]
000009ED: 8B 03                                                 	MOV	EAX,[EBX]	; int c;
000009EF: BB 15 07 00 00                                        	MOV	EBX, __is
000009F4: D1 E0                                                 	SHL	EAX,1
000009F6: D1 E0                                                 	SHL	EAX,1
000009F8: 01 C3                                                 	ADD	EBX,EAX
000009FA: 8B 03                                                 	MOV	EAX,[EBX]
                                                                	;MOV	EBX,256		; BLANK
                                                                	;AND	EAX,EBX		; return (_is[c] & BLANK);
000009FC: 25 00 01 00 00                                        	AND	EAX,256		; (bit 8)
00000A01: 5D                                                    	POP	EBP
00000A02: C3                                                    	RETN
                                                                
                                                                ;isupper (c) int c; {return (_is[c] & UPPER);}
                                                                ; /* 'A'-'Z' */
                                                                
                                                                _isupper:
00000A03: 55                                                    	PUSH	EBP
00000A04: 89 E5                                                 	MOV	EBP,ESP
00000A06: 8D 5D 08                                              	LEA	EBX,[EBP+8]
00000A09: 8B 03                                                 	MOV	EAX,[EBX]	; int c;
00000A0B: BB 15 07 00 00                                        	MOV	EBX, __is
00000A10: D1 E0                                                 	SHL	EAX,1
00000A12: D1 E0                                                 	SHL	EAX,1
00000A14: 01 C3                                                 	ADD	EBX,EAX
00000A16: 8B 03                                                 	MOV	EAX,[EBX]
                                                                	;MOV	EBX,512		; UPPER
                                                                	;AND	EAX,EBX		; return (_is[c] & UPPER);
00000A18: 25 00 02 00 00                                        	AND	EAX,512		; (bit 9)
00000A1D: 5D                                                    	POP	EBP
00000A1E: C3                                                    	RETN
                                                                
                                                                ;isxdigit(c) int c; {return (_is[c] & XDIGIT);}
                                                                ; /* '0'-'9', 'a'-'f', 'A'-'F' */
                                                                
                                                                _isxdigit:
00000A1F: 55                                                    	PUSH	EBP
00000A20: 89 E5                                                 	MOV	EBP,ESP
00000A22: 8D 5D 08                                              	LEA	EBX,[EBP+8]
00000A25: 8B 03                                                 	MOV	EAX,[EBX]	; int c;
00000A27: BB 15 07 00 00                                        	MOV	EBX,__is
00000A2C: D1 E0                                                 	SHL	EAX,1
00000A2E: D1 E0                                                 	SHL	EAX,1
00000A30: 01 C3                                                 	ADD	EBX,EAX
00000A32: 8B 03                                                 	MOV	EAX,[EBX]
                                                                	;MOV	EBX,1024	; XDIGIT
                                                                	;AND	EAX,EBX		; return (_is[c] & XDIGIT);
00000A34: 25 00 04 00 00                                        	AND	EAX,1024	; (bit 10)
00000A39: 5D                                                    	POP	EBP
00000A3A: C3                                                    	RETN
                                                                
                                                                ; /* itoa(n,s) - Convert n to characters in s */
                                                                
                                                                _itoa:				; itoa(n,s)
00000A3B: 55                                                    	PUSH	EBP		; char *s; int n;
00000A3C: 89 E5                                                 	MOV	EBP,ESP
00000A3E: 83 C4 F8                                              	ADD	ESP,-8		; int sign; char *ptr;
00000A41: 8D 5D 08                                              	LEA	EBX,[EBP+8]
00000A44: 8B 03                                                 	MOV	EAX,[EBX]
00000A46: 8D 45 F8                                              	LEA	EAX,[EBP-8]
00000A49: 89 03                                                 	MOV	[EBX],EAX	; ptr=s;
00000A4B: 8D 5D 0C                                              	LEA	EBX,[EBP+12]	; if((sign=n)<0) n=-n;
00000A4E: 8B 03                                                 	MOV	EAX,[EBX]	; n
00000A50: 8D 55 FC                                              	LEA	EDX,[EBP-4]	; sign
00000A53: 89 02                                                 	MOV	[EDX],EAX	; sign = n
00000A55: 09 C0                                                 	OR	EAX,EAX
00000A57: 7D 04                                                 	JNL	short _lib_150
                                                                _lib_151:
                                                                	;LEA	EBX,[EBP+12]	; n=-n;
                                                                	;MOV	EAX,[EBX]
00000A59: F7 D8                                                 	NEG	EAX
00000A5B: 89 03                                                 	MOV	[EBX],EAX
                                                                _lib_150:
                                                                _lib_154:
                                                                _lib_152:			; do
00000A5D: 8D 5D F8                                              	LEA	EBX,[EBP-8]	; {*ptr++ = n%10+'0';
00000A60: 8B 03                                                 	MOV	EAX,[EBX]
00000A62: FF 03                                                 	INC	DwORD [EBX]
00000A64: 50                                                    	PUSH	EAX
00000A65: 8D 5D 0C                                              	LEA	EBX,[EBP+12]
00000A68: 8B 03                                                 	MOV	EAX,[EBX]	; n
00000A6A: B9 0A 00 00 00                                        	MOV	ECX,10
00000A6F: 99                                                    	CDQ
00000A70: F7 F9                                                 	IDIV	ECX		; n/10
00000A72: 80 C2 30                                              	ADD	DL,48		; '0'
00000A75: 59                                                    	POP	ECX
00000A76: 88 11                                                 	MOV	[ECX],DL
                                                                	; eax = n/10
00000A78: 89 03                                                 	MOV	[EBX],EAX	; n = n/10
00000A7A: 09 C0                                                 	OR	EAX,EAX		; }while((n=n/10)>0);
00000A7C: 7F DF                                                 	JG	short _lib_154
                                                                _lib_153:
00000A7E: 8D 5D FC                                              	LEA	EBX,[EBP-4]	; if(sign<0)
00000A81: 8B 03                                                 	MOV	EAX,[EBX]
00000A83: 8D 55 F8                                              	LEA	EDX,[EBP-8] ;*
00000A86: 8B 1A                                                 	MOV	EBX,[EDX] ;*
00000A88: 09 C0                                                 	OR	EAX,EAX
00000A8A: 7D 05                                                 	JNL	short _lib_155
                                                                _lib_156:
                                                                	;LEA	EDX,[EBP-8]	; *ptr++='-';
                                                                	;MOV	EBX,[EDX]
00000A8C: FF 02                                                 	INC	DWORD [EDX]
                                                                	;MOV	EAX,45	; '-'
                                                                	;MOV	[EBX],AL
00000A8E: C6 03 2D                                              	MOV	BYTE [EBX],45
                                                                _lib_155:
                                                                	;LEA	EDX,[EBP-8] ;*	; *ptr='\0';
                                                                	;MOV	EBX,[EDX] ;*
                                                                	;XOR	EAX,EAX
                                                                	;MOV	[EBX],AL
00000A91: C6 03 00                                              	MOV	BYTE [EBX],0
00000A94: 8D 5D 08                                              	LEA	EBX,[EBP+8]	; reverse(s);
00000A97: 8B 03                                                 	MOV	EAX,[EBX]
00000A99: 50                                                    	PUSH	EAX
                                                                	;MOV	CL,1
00000A9A: E8 F5 F5 FF FF                                        	CALL	_reverse
                                                                	;ADD	ESP,4
00000A9F: 89 EC                                                 	MOV	ESP,EBP
00000AA1: 5D                                                    	POP	EBP
00000AA2: C3                                                    	RETN
                                                                
                                                                ; /*
                                                                ; ** itoab(n,s,b) - Convert "unsigned" n to characters
                                                                ; **		    in s using base b.
                                                                ; ** 	NOTE: This is a non-standard function.
                                                                ; */
                                                                
                                                                _itoab:				; itoab(n,s,b)
00000AA3: 55                                                    	PUSH	EBP		; int n; char *s; int b;
00000AA4: 89 E5                                                 	MOV	EBP,ESP
00000AA6: 83 C4 F8                                              	ADD	ESP,-8		; char *ptr; int lowbit;
00000AA9: 8D 5D 0C                                              	LEA	EBX,[EBP+12]	; *s
00000AAC: 8B 03                                                 	MOV	EAX,[EBX]
00000AAE: 8D 5D FC                                              	LEA	EBX,[EBP-4]	; ptr
00000AB1: 89 03                                                 	MOV	[EBX],EAX	; ptr=s;
00000AB3: 8D 5D 08                                              	LEA	EBX,[EBP+8]	; b >>= 1;
00000AB6: 8B 03                                                 	MOV	EAX,[EBX]
00000AB8: D1 F8                                                 	SAR	EAX,1
00000ABA: 89 03                                                 	MOV	[EBX],EAX
                                                                _lib_163:
                                                                _lib_158:			; do
00000ABC: 8D 55 F8                                              	LEA	EDX,[EBP-8]	; {lowbit=n&1;
00000ABF: 8D 5D 10                                              	LEA	EBX,[EBP+16]
00000AC2: 8B 03                                                 	MOV	EAX,[EBX]	; n
00000AC4: 83 E0 01                                              	AND	EAX,1
00000AC7: 89 02                                                 	MOV	[EDX],EAX	; n&1
                                                                	;LEA	EBX,[EBP+16]	; n=(n>>1)&32767;
00000AC9: 8B 03                                                 	MOV	EAX,[EBX]
00000ACB: D1 F8                                                 	SAR	EAX,1
00000ACD: 25 FF 7F 00 00                                        	AND	EAX,32767
00000AD2: 89 03                                                 	MOV	[EBX],EAX
                                                                	;LEA	EBX,[EBP-4]	; *ptr=((n%b)<<1)+lowbit;
                                                                	;MOV	EAX,[EBX]	; *ptr
                                                                	;PUSH	EAX
                                                                	;LEA	EBX,[EBP+16]
00000AD4: 8B 03                                                 	MOV	EAX,[EBX]	; n
00000AD6: 8D 55 08                                              	LEA	EDX,[EBP+8]	; b
00000AD9: 8B 0A                                                 	MOV	ECX,[EDX]
00000ADB: 99                                                    	CDQ
00000ADC: F7 F9                                                 	IDIV	ECX		; n/b
                                                                	; edx = mod n/b
00000ADE: D1 E2                                                 	SAL	EDX,1
00000AE0: 8D 5D F8                                              	LEA	EBX,[EBP-8]
00000AE3: 8B 03                                                 	MOV	EAX,[EBX]	; lowbit
00000AE5: 01 D0                                                 	ADD	EAX,EDX
                                                                	;POP	EDX
00000AE7: 8D 4D FC                                              	LEA	ECX,[EBP-4]	; *ptr=((n%b)<<1)+lowbit;
00000AEA: 8B 11                                                 	MOV	EDX,[ECX]	; ptr
00000AEC: 88 02                                                 	MOV	[EDX],AL
                                                                	;LEA	ECX,[EBP-4]	; if(*ptr<10)
                                                                	;MOV	EDX,[ECX]
00000AEE: 0F BE 1A                                              	MOVSX	EBX,BYTE [EDX]
00000AF1: B8 0A 00 00 00                                        	MOV	EAX,10
00000AF6: E8 3E F5 FF FF                                        	CALL	__lt
00000AFB: 09 C0                                                 	OR	EAX,EAX
00000AFD: 74 0A                                                 	JZ	short _lib_160	; else
                                                                _lib_161:
                                                                	;LEA	ECX,[EBP-4]	; *ptr+='0';
                                                                	;MOV	EDX,[ECX]
00000AFF: 0F BE 02                                              	MOVSX	EAX,BYTE [EDX]
00000B02: 83 C0 30                                              	ADD	EAX,48	; '0'
00000B05: 88 02                                                 	MOV	[EDX],AL
00000B07: EB 08                                                 	JMP	short _lib_162
                                                                _lib_160:			; hex. character (A..F)
                                                                	;LEA	ECX,[EBP-4]	; *ptr+=55;
                                                                	;MOV	EDX,[ECX]
00000B09: 0F BE 02                                              	MOVSX	EAX,BYTE [EDX]
00000B0C: 83 C0 37                                              	ADD	EAX,55	; (skip chars between '9' and 'A')
00000B0F: 88 02                                                 	MOV	[EDX],AL
                                                                _lib_162:
00000B11: 8D 5D FC                                              	LEA	EBX,[EBP-4]	; ++ptr;
                                                                	;MOV	EAX,[EBX]
                                                                	;INC	EAX
                                                                	;MOV	[EBX],EAX
00000B14: FF 03                                                 	INC	DWORD [EBX]
00000B16: 8D 5D 10                                              	LEA	EBX,[EBP+16]	; }while(n/=b);
00000B19: 8B 03                                                 	MOV	EAX,[EBX]	; n
00000B1B: 8D 55 08                                              	LEA	EDX,[EBP+8]	; b
00000B1E: 8B 0A                                                 	MOV	ECX,[EDX]
00000B20: 99                                                    	CDQ
00000B21: F7 F9                                                 	IDIV	ECX		; n/b
00000B23: 89 03                                                 	MOV	[EBX],EAX	; n = n/b
00000B25: 09 C0                                                 	OR	EAX,EAX
00000B27: 75 93                                                 	JNZ	short _lib_163	; do..while
                                                                _lib_159:
00000B29: 8D 45 FC                                              	LEA	EAX,[EBP-4]	; *ptr=0;
00000B2C: 8B 18                                                 	MOV	EBX,[EAX]
                                                                	;XOR	EAX,EAX	; 0
                                                                	;MOV	[EBX],AL
00000B2E: C6 03 00                                              	MOV	BYTE [EBX],0
00000B31: 8D 5D 0C                                              	LEA	EBX,[EBP+12]	; s
00000B34: 8B 03                                                 	MOV	EAX,[EBX]
00000B36: 50                                                    	PUSH	EAX
                                                                	;MOV	CL,1
00000B37: E8 58 F5 FF FF                                        	CALL	_reverse	; reverse(s);
                                                                	;ADD	ESP,4
00000B3C: 89 EC                                                 	MOV	ESP,EBP
00000B3E: 5D                                                    	POP	EBP
00000B3F: C3                                                    	RETN
                                                                
                                                                ;/*
                                                                ;** itod -- convert nbr to signed decimal string of
                                                                ;**	    width sz right adjusted, blank filled;
                                                                ;**	    returns str
                                                                ;**
                                                                ;**	if sz > 0 terminate with null byte
                                                                ;**	if sz = 0 find end of string
                                                                ;**	if sz < 0 use last byte for data
                                                                ;*/
                                                                
                                                                _itod:				; itod(nbr,str,sz)
00000B40: 55                                                    	PUSH	EBP	; int nbr; char str[]; int sz;
00000B41: 89 E5                                                 	MOV	EBP,ESP
00000B43: 83 C4 FC                                              	ADD	ESP,-4		; char sgn;
00000B46: 8D 55 10                                              	LEA	EDX,[EBP+16]	; if(nbr<0)
00000B49: 8B 02                                                 	MOV	EAX,[EDX]
00000B4B: 8D 5D FC                                              	LEA	EBX,[EBP-4]	; sgn
00000B4E: 09 C0                                                 	OR	EAX,EAX
00000B50: 7D 0B                                                 	JNL	short _lib_165	; else sgn=' ';
                                                                _lib_166:
                                                                	;LEA	EDX,[EBP+16]	; {nbr=-nbr; sgn='-';}
                                                                	;MOV	EAX,[EDX]
00000B52: F7 D8                                                 	NEG	EAX
00000B54: 89 02                                                 	MOV	[EDX],EAX
                                                                	;LEA	EBX,[EBP-4]	; sgn
00000B56: B8 2D 00 00 00                                        	MOV	EAX,45	; '-'
                                                                	;MOV	[EBX],AL
                                                                	;MOV	BYTE [EBX],45
00000B5B: EB 05                                                 	JMP	short _lib_167
                                                                _lib_165:
                                                                	;LEA	EBX,[EBP-4]
00000B5D: B8 20 00 00 00                                        	MOV	EAX,32
                                                                _lib_167:
00000B62: 88 03                                                 	MOV	[EBX],AL
                                                                ;_lib_167:
00000B64: 8D 5D 08                                              	LEA	EBX,[EBP+8]	; if(sz>0)
00000B67: 8B 03                                                 	MOV	EAX,[EBX]
00000B69: 8D 55 0C                                              	LEA	EDX,[EBP+12] ;*	; str[--sz]=NULL;
00000B6C: 8B 0A                                                 	MOV	ECX,[EDX] ;*	; str[0] address
00000B6E: 09 C0                                                 	OR	EAX,EAX
00000B70: 7E 0A                                                 	JNG	short _lib_168	; else
                                                                _lib_169:
                                                                	;LEA	EDX,[EBP+12] ;*	; str[--sz]=NULL;
                                                                	;MOV	ECX,[EDX] ;*	; str[0] address
                                                                	;LEA	EBX,[EBP+8]
                                                                	;MOV	EAX,[EBX]
00000B72: 48                                                    	DEC	EAX		; --sz
00000B73: 89 03                                                 	MOV	[EBX],EAX
00000B75: 01 C1                                                 	ADD	ECX,EAX		; str[sz]
00000B77: C6 01 00                                              	MOV	BYTE [ECX],0
00000B7A: EB 1D                                                 	JMP	short _lib_170
                                                                _lib_168:			; else if(sz<0)
                                                                	;LEA	EBX,[EBP+8]
                                                                	;MOV	EAX,[EBX]
                                                                	; eax = sz
00000B7C: 09 C0                                                 	OR	EAX,EAX
00000B7E: 7D 0D                                                 	JNL	short _lib_171	; else
                                                                _lib_172:
                                                                	;LEA	EBX,[EBP+8]	; sz=-sz;
                                                                	;MOV	EAX,[EBX]
00000B80: F7 D8                                                 	NEG	EAX
00000B82: 89 03                                                 	MOV	[EBX],EAX
00000B84: EB 13                                                 	JMP	short _lib_173
                                                                _lib_174:			; else
00000B86: 8D 55 0C                                              	LEA	EDX,[EBP+12] ;*	; while(str[sz]!=NULL)
00000B89: 8B 0A                                                 	MOV	ECX,[EDX] ;*
                                                                	;LEA	EBX,[EBP+8]
                                                                	;MOV	EAX,[EBX]
00000B8B: 01 C1                                                 	ADD	ECX,EAX		; addr str[0]+sz
                                                                _lib_171:	; (eax = 0)
00000B8D: 0F BE 11                                              	MOVSX	EDX,BYTE [ECX]	; str[sz]
00000B90: 09 D2                                                 	OR	EDX,EDX
00000B92: 74 05                                                 	JZ	short _lib_175	; = NULL
                                                                _lib_176:	; != NULL
                                                                	;LEA	EBX,[EBP+8]	; ++sz;
                                                                	;MOV	EAX,[EBX]
00000B94: 40                                                    	INC	EAX
00000B95: 89 03                                                 	MOV	[EBX],EAX
00000B97: EB ED                                                 	JMP	short _lib_174	; while
                                                                _lib_175:
                                                                _lib_173:
                                                                _lib_170:
                                                                _lib_180:
                                                                _lib_177:			; while(sz)
                                                                	;LEA	EBX,[EBP+8]
                                                                	;MOV	EAX,[EBX]
                                                                	; eax = sz
00000B99: 09 C0                                                 	OR	EAX,EAX
00000B9B: 74 24                                                 	JZ	short _lib_178
                                                                _lib_179:			; {str[--sz]=(nbr%10+'0');
                                                                	;LEA	EBX,[EBP+8]
                                                                	;MOV	EAX,[EBX]
                                                                	; eax = sz 
00000B9D: 48                                                    	DEC	EAX		; --sz
00000B9E: 89 03                                                 	MOV	[EBX],EAX
00000BA0: 8D 55 0C                                              	LEA	EDX,[EBP+12]	; str[0]
00000BA3: 8B 1A                                                 	MOV	EBX,[EDX]
00000BA5: 01 C3                                                 	ADD	EBX,EAX		; str[sz]
                                                                
00000BA7: 8D 55 10                                              	LEA	EDX,[EBP+16]	; nbr address
00000BAA: 8B 02                                                 	MOV	EAX,[EDX]	; nbr
00000BAC: 52                                                    	PUSH	EDX ; *
00000BAD: B9 0A 00 00 00                                        	MOV	ECX,10
00000BB2: 99                                                    	CDQ
00000BB3: F7 F9                                                 	IDIV	ECX		; nbr/10
                                                                	; edx = mod nbr/10
                                                                	;ADD	EDX,48	; '0'
00000BB5: 80 C2 30                                              	ADD	DL,48
00000BB8: 88 13                                                 	MOV	[EBX],DL	; = (nbr%10+'0');
                                                                	;LEA	EDX,[EBP+16]
                                                                	;MOV	EAX,[EDX]
00000BBA: 5B                                                    	POP	EBX ; *
                                                                	;;MOV	ECX,10
                                                                	;CDQ
                                                                	;IDIV	ECX
                                                                	; eax = int nbr/10
                                                                				; if((nbr=nbr/10)==0)
00000BBB: 89 03                                                 	MOV	[EBX],EAX	; nbr = nbr/10
00000BBD: 09 C0                                                 	OR	EAX,EAX
00000BBF: 75 D8                                                 	JNZ	short _lib_180	; while
                                                                _lib_181:			; break;
                                                                _lib_178:
00000BC1: 8D 5D 08                                              	LEA	EBX,[EBP+8]	; if(sz) str[--sz]=sgn;
00000BC4: 8B 03                                                 	MOV	EAX,[EBX]
00000BC6: 8D 55 0C                                              	LEA	EDX,[EBP+12] ;*
00000BC9: 09 C0                                                 	OR	EAX,EAX
                                                                	;JZ	short _lib_182
00000BCB: 75 06                                                 	JNZ	short _lib_183
                                                                _lib_185:
                                                                	;LEA	EDX,[EBP+12] ;*
00000BCD: 8B 02                                                 	MOV	EAX,[EDX]
00000BCF: 89 EC                                                 	MOV	ESP,EBP
00000BD1: 5D                                                    	POP	EBP
00000BD2: C3                                                    	RETN
                                                                _lib_183:
                                                                	;LEA	EDX,[EBP+12] ;*	; str address
00000BD3: 8B 0A                                                 	MOV	ECX,[EDX]	; str[0]
                                                                	;LEA	EBX,[EBP+8]
                                                                	;MOV	EAX,[EBX]	; sz
00000BD5: 48                                                    	DEC	EAX		; --sz
00000BD6: 89 03                                                 	MOV	[EBX],EAX
00000BD8: 01 C1                                                 	ADD	ECX,EAX
00000BDA: 8D 5D FC                                              	LEA	EBX,[EBP-4]
                                                                	;MOVSX	EAX,BYTE [EBX]	; sgn
00000BDD: 8A 03                                                 	MOV	AL,[EBX]
00000BDF: 88 01                                                 	MOV	[ECX],AL	; str[--sz]=sgn;
                                                                ;_lib_184:
00000BE1: 8D 5D 08                                              	LEA	EBX,[EBP+8]	; while(sz>0)
00000BE4: 8B 03                                                 	MOV	EAX,[EBX]
                                                                _lib_184:
                                                                _lib_182:
00000BE6: 09 C0                                                 	OR	EAX,EAX
00000BE8: 7E E3                                                 	JNG	short _lib_185
                                                                _lib_186:			; str[--sz]=' ';
                                                                	;LEA	EDX,[EBP+12] ;*
00000BEA: 8B 0A                                                 	MOV	ECX,[EDX]
                                                                	;LEA	EBX,[EBP+8]
                                                                	;MOV	EAX,[EBX]
00000BEC: 48                                                    	DEC	EAX		; --sz
00000BED: 89 03                                                 	MOV	[EBX],EAX	; sz
00000BEF: 01 C1                                                 	ADD	ECX,EAX
00000BF1: C6 01 20                                              	MOV	BYTE [ECX],32	; space
00000BF4: EB F0                                                 	JMP	short _lib_184
                                                                
                                                                ;/*
                                                                ;** itoo -- converts nbr to octal string of
                                                                ;**	    length sz right adjusted and
                                                                ;**	    blank filled, returns str
                                                                ;**
                                                                ;**	if sz > 0 terminate with null byte
                                                                ;**	if sz = 0 find end of string
                                                                ;**	if sz < 0 use last byte for data
                                                                ;*/
                                                                
                                                                _itoo:				; itoo(nbr,str,sz)
00000BF6: 55                                                    	PUSH	EBP	; int nbr; char str[]; int sz;
00000BF7: 89 E5                                                 	MOV	EBP,ESP
00000BF9: 83 C4 FC                                              	ADD	ESP,-4		; int digit;
00000BFC: 8D 5D 08                                              	LEA	EBX,[EBP+8]	; if(sz>0)
00000BFF: 8B 03                                                 	MOV	EAX,[EBX]
00000C01: 8D 55 0C                                              	LEA	EDX,[EBP+12] ;*
00000C04: 8B 0A                                                 	MOV	ECX,[EDX] ;*
00000C06: 09 C0                                                 	OR	EAX,EAX
00000C08: 7F 08                                                 	JG	short _lib_189
00000C0A: 74 14                                                 	JE	short _lib_191	; JNL (eax=0)
                                                                _lib_188:
                                                                _lib_192:	; JL
                                                                	;LEA	EBX,[EBP+8]	; else if(sz<0)
                                                                	;MOV	EAX,[EBX]	; sz=-sz;
00000C0C: F7 D8                                                 	NEG	EAX
00000C0E: 89 03                                                 	MOV	[EBX],EAX
00000C10: EB 22                                                 	JMP	short _lib_193
                                                                _lib_189:
                                                                	;LEA	EDX,[EBP+12] ;*	; str[--sz]=0;
                                                                	;MOV	ECX,[EDX] ;*
                                                                	;LEA	EBX,[EBP+8]
                                                                	;MOV	EAX,[EBX]
00000C12: 48                                                    	DEC	EAX
00000C13: 89 03                                                 	MOV	[EBX],EAX
00000C15: 01 C1                                                 	ADD	ECX,EAX
                                                                	;XOR	EAX,EAX
                                                                	;MOV	[ECX],AL
00000C17: C6 01 00                                              	MOV	BYTE [ECX],0
00000C1A: EB 14                                                 	JMP	short _lib_190
                                                                ;_lib_191:			; else
                                                                _lib_194:			; while(str[sz]!=0)
                                                                	;LEA	EDX,[EBP+12] ;*
00000C1C: 8B 0A                                                 	MOV	ECX,[EDX] ;*
                                                                	;LEA	EBX,[EBP+8]
                                                                	;MOV	EAX,[EBX]
                                                                	; eax = sz
                                                                	; ecx = str[0]
00000C1E: 01 C1                                                 	ADD	ECX,EAX
                                                                _lib_191: ; (eax = 0)
00000C20: 0F BE 01                                              	MOVSX	EAX,BYTE [ECX]	; str[sz]
00000C23: 09 C0                                                 	OR	EAX,EAX
00000C25: 74 07                                                 	JZ	short _lib_195
                                                                _lib_196:
                                                                	;LEA	EBX,[EBP+8]	; ++sz;
00000C27: 8B 03                                                 	MOV	EAX,[EBX]
00000C29: 40                                                    	INC	EAX
00000C2A: 89 03                                                 	MOV	[EBX],EAX
00000C2C: EB EE                                                 	JMP	short _lib_194
                                                                _lib_195:
                                                                ;_lib_193:
                                                                ;_lib_190:
                                                                _lib_200:
                                                                _lib_197:			; while(sz)
                                                                	;LEA	EBX,[EBP+8]
00000C2E: 8B 03                                                 	MOV	EAX,[EBX]
                                                                _lib_190:
00000C30: 09 C0                                                 	OR	EAX,EAX
00000C32: 74 3D                                                 	JZ	short _lib_198
                                                                _lib_193:
                                                                _lib_199:
00000C34: 8D 4D FC                                              	LEA	ECX,[EBP-4]	; {digit=nbr&7;
00000C37: 8D 5D 10                                              	LEA	EBX,[EBP+16]
00000C3A: 8B 03                                                 	MOV	EAX,[EBX]
00000C3C: 83 E0 07                                              	AND	EAX,7
00000C3F: 89 01                                                 	MOV	[ECX],EAX
                                                                	;LEA	EBX,[EBP+16]
00000C41: 8B 03                                                 	MOV	EAX,[EBX]	; nbr=(nbr>>3)&8191;
                                                                	;MOV	CL,3
                                                                	;SAR	EAX,CL
00000C43: C1 F8 03                                              	SAR	EAX,3
00000C46: 25 FF 1F 00 00                                        	AND	EAX,8191
00000C4B: 89 03                                                 	MOV	[EBX],EAX
                                                                	;LEA	EDX,[EBP+12]	; str[--sz]=digit+48;
00000C4D: 8B 0A                                                 	MOV	ECX,[EDX]	; str[0]
00000C4F: 8D 5D 08                                              	LEA	EBX,[EBP+8]
00000C52: 8B 03                                                 	MOV	EAX,[EBX]	; sz
00000C54: 48                                                    	DEC	EAX		; --sz
00000C55: 89 03                                                 	MOV	[EBX],EAX
00000C57: 01 C1                                                 	ADD	ECX,EAX		; str[sz]
00000C59: 8D 55 FC                                              	LEA	EDX,[EBP-4]	; digit
00000C5C: 8B 02                                                 	MOV	EAX,[EDX]
                                                                	;ADD	EAX,48	; '0'
00000C5E: 04 30                                                 	ADD	AL,48		; digit+48
00000C60: 88 01                                                 	MOV	[ECX],AL
00000C62: 8D 4D 10                                              	LEA	ECX,[EBP+16]	; if(nbr==0)
00000C65: 8B 01                                                 	MOV	EAX,[ECX]
00000C67: 09 C0                                                 	OR	EAX,EAX
00000C69: 75 C3                                                 	JNZ	short _lib_200	; while
                                                                _lib_201:
                                                                ;_lib_198:
                                                                ;_lib_202:			; break;
                                                                	;LEA	EBX,[EBP+8]	; while(sz>0)
00000C6B: 8B 03                                                 	MOV	EAX,[EBX]
                                                                _lib_202:
00000C6D: 09 C0                                                 	OR	EAX,EAX
00000C6F: 75 09                                                 	JNZ	short _lib_204
                                                                	;JMP	short _lib_203
                                                                _lib_198: ; (eax = 0)
                                                                _lib_203:
00000C71: 8D 5D 0C                                              	LEA	EBX,[EBP+12]	; return str;
00000C74: 8B 03                                                 	MOV	EAX,[EBX]
00000C76: 89 EC                                                 	MOV	ESP,EBP
00000C78: 5D                                                    	POP	EBP
00000C79: C3                                                    	RETN
                                                                _lib_204:			; str[--sz]=' ';
00000C7A: 8D 55 0C                                              	LEA	EDX,[EBP+12]	; str address
00000C7D: 8B 0A                                                 	MOV	ECX,[EDX]	; str[0]	
00000C7F: 8D 5D 08                                              	LEA	EBX,[EBP+8]	; sz address
00000C82: 8B 03                                                 	MOV	EAX,[EBX]
00000C84: 48                                                    	DEC	EAX		; --sz
00000C85: 89 03                                                 	MOV	[EBX],EAX	; sz
00000C87: 01 C1                                                 	ADD	ECX,EAX		; str[sz]
00000C89: C6 01 20                                              	MOV	BYTE [ECX],32	; space
00000C8C: EB DF                                                 	JMP	short _lib_202	; while
                                                                
                                                                ;/*
                                                                ;** itou -- convert nbr to unsigned decimal string
                                                                ;**	    of width sz right adjusted,
                                                                ;**	    blank filled; returns str
                                                                ;**
                                                                ;**	if sz > 0 terminate with null byte
                                                                ;**	if sz = 0 find end of string
                                                                ;**	if sz < 0 use last byte for data
                                                                ;*/
                                                                
                                                                _itou:				; itou(nbr,str,sz)
00000C8E: 55                                                    	PUSH	EBP	; int nbr; char str[]; int sz;
00000C8F: 89 E5                                                 	MOV	EBP,ESP
00000C91: 83 C4 FC                                              	ADD	ESP,-4		; int lowbit;
00000C94: 8D 5D 08                                              	LEA	EBX,[EBP+8]
00000C97: 8B 03                                                 	MOV	EAX,[EBX]	; if(sz>0)
00000C99: 8D 55 0C                                              	LEA	EDX,[EBP+12] ;*
00000C9C: 8B 0A                                                 	MOV	ECX,[EDX] ;*	; str[0] address
00000C9E: 09 C0                                                 	OR	EAX,EAX
                                                                	;JG	short _lib_207
                                                                	;JMP	short _lib_206
                                                                	;JNG	short _lib_206	; else
00000CA0: 7F 08                                                 	JG	short _lib_207
00000CA2: 74 14                                                 	JZ	short _lib_209	; JNL (eax=0)
                                                                ;_lib_206:
                                                                	;LEA	EBX,[EBP+8]
                                                                	;MOV	EAX,[EBX]
                                                                	;OR	EAX,EAX
                                                                	;JNL	short _lib_209	; else
                                                                _lib_210:	; JL
                                                                	;LEA	EBX,[EBP+8]	; sz=-sz;
                                                                	;MOV	EAX,[EBX]
00000CA4: F7 D8                                                 	NEG	EAX
00000CA6: 89 03                                                 	MOV	[EBX],EAX
00000CA8: EB 22                                                 	JMP	short _lib_211
                                                                _lib_207:
                                                                	;LEA	EDX,[EBP+12] ;*	; str[--sz]=NULL;
                                                                	;MOV	ECX,[EDX] ;*
                                                                	;LEA	EBX,[EBP+8]
                                                                	;MOV	EAX,[EBX]
00000CAA: 48                                                    	DEC	EAX
00000CAB: 89 03                                                 	MOV	[EBX],EAX
00000CAD: 01 C1                                                 	ADD	ECX,EAX
                                                                	;XOR	EAX,EAX
                                                                	;MOV	[ECX],AL
00000CAF: C6 01 00                                              	MOV	BYTE [ECX],0
00000CB2: EB 14                                                 	JMP	short _lib_208
                                                                ;_lib_209: ; (eax = sz = 0)	; else
                                                                _lib_212:			; while(str[sz]!=NULL)
                                                                	;LEA	EDX,[EBP+12] ;*
00000CB4: 8B 0A                                                 	MOV	ECX,[EDX] ;*	; str[0] address
                                                                	;LEA	EBX,[EBP+8]
                                                                	;MOV	EAX,[EBX]
                                                                	; eax = sz
                                                                	; ecx = str[0]
00000CB6: 01 C1                                                 	ADD	ECX,EAX
                                                                _lib_209: ; (eax = 0)
00000CB8: 0F BE 01                                              	MOVSX	EAX,BYTE [ECX]	; str[sz] value
00000CBB: 09 C0                                                 	OR	EAX,EAX
00000CBD: 74 07                                                 	JZ	short _lib_213
                                                                _lib_214:
                                                                	;LEA	EBX,[EBP+8]	; ++sz;
00000CBF: 8B 03                                                 	MOV	EAX,[EBX]
00000CC1: 40                                                    	INC	EAX
00000CC2: 89 03                                                 	MOV	[EBX],EAX
00000CC4: EB EE                                                 	JMP	short _lib_212
                                                                _lib_213:
                                                                ;_lib_211:
                                                                ;_lib_208:
                                                                _lib_215:
                                                                _lib_218:			; while(sz)
                                                                	;LEA	EBX,[EBP+8] ; *
00000CC6: 8B 03                                                 	MOV	EAX,[EBX]
                                                                _lib_208:
00000CC8: 09 C0                                                 	OR	EAX,EAX
00000CCA: 74 54                                                 	JZ	short _lib_216
                                                                _lib_211:
                                                                _lib_217:			; {lowbit=nbr&1;
00000CCC: 8D 55 FC                                              	LEA	EDX,[EBP-4]	; lowbit
00000CCF: 8D 4D 10                                              	LEA	ECX,[EBP+16]
00000CD2: 8B 01                                                 	MOV	EAX,[ECX]	; nbr
00000CD4: 83 E0 01                                              	AND	EAX,1
00000CD7: 89 02                                                 	MOV	[EDX],EAX
                                                                	;LEA	ECX,[EBP+16]	; nbr=(nbr>>1)&32767;
00000CD9: 8B 01                                                 	MOV	EAX,[ECX]
00000CDB: D1 F8                                                 	SAR	EAX,1
00000CDD: 25 FF 7F 00 00                                        	AND	EAX,32767
00000CE2: 89 01                                                 	MOV	[ECX],EAX
                                                                		; str[--sz]=((nbr%5)<<1)+lowbit+'0';
00000CE4: 8D 55 0C                                              	LEA	EDX,[EBP+12]	; str
00000CE7: 8B 0A                                                 	MOV	ECX,[EDX]	; str[0]
00000CE9: 8D 5D 08                                              	LEA	EBX,[EBP+8]	; sz address
00000CEC: 8B 03                                                 	MOV	EAX,[EBX]	; sz value
00000CEE: 48                                                    	DEC	EAX		; --sz
00000CEF: 89 03                                                 	MOV	[EBX],EAX	; sz = sz-1
00000CF1: 01 C1                                                 	ADD	ECX,EAX		; str[sz] address
00000CF3: 51                                                    	PUSH	ECX ; ***
00000CF4: 8D 5D 10                                              	LEA	EBX,[EBP+16]
00000CF7: 8B 03                                                 	MOV	EAX,[EBX]	; ((nbr%5)<<1)
00000CF9: B9 05 00 00 00                                        	MOV	ECX,5
00000CFE: 99                                                    	CDQ
00000CFF: F7 F9                                                 	IDIV	ECX
00000D01: 89 03                                                 	MOV	[EBX],EAX ; **	; nbr = nbr/5
00000D03: D1 E2                                                 	SAL	EDX,1		; <<1
00000D05: 8D 4D FC                                              	LEA	ECX,[EBP-4]
00000D08: 8B 01                                                 	MOV	EAX,[ECX]
00000D0A: 01 D0                                                 	ADD	EAX,EDX		; +lowbit+'0';
                                                                	;ADD	EAX,48	; '0'
00000D0C: 04 30                                                 	ADD	AL,48
00000D0E: 59                                                    	POP	ECX ; ***
00000D0F: 88 01                                                 	MOV	[ECX],AL	; str[sz] =
                                                                		; if((nbr=nbr/5)==0) break;
00000D11: 8B 03                                                 	MOV	EAX,[EBX] ; **	; nbr
00000D13: 8D 5D 08                                              	LEA	EBX,[EBP+8] ; *
00000D16: 09 C0                                                 	OR	EAX,EAX
00000D18: 75 AC                                                 	JNZ	short _lib_218	; nbr <> 0
                                                                _lib_219:			; nbr = 0
                                                                ;_lib_216:
                                                                _lib_220:			
                                                                	;LEA	EBX,[EBP+8]	; while(sz)
00000D1A: 8B 03                                                 	MOV	EAX,[EBX]
00000D1C: 09 C0                                                 	OR	EAX,EAX
                                                                	;JE	short _lib_221
00000D1E: 75 09                                                 	JNE	short _lib_222
                                                                _lib_221:
                                                                _lib_216:			; return str;
00000D20: 8D 5D 0C                                              	LEA	EBX,[EBP+12]
00000D23: 8B 03                                                 	MOV	EAX,[EBX]
00000D25: 89 EC                                                 	MOV	ESP,EBP
00000D27: 5D                                                    	POP	EBP
00000D28: C3                                                    	RETN
                                                                _lib_222:			; str[--sz]=' ';
00000D29: 8D 55 0C                                              	LEA	EDX,[EBP+12]
00000D2C: 8B 0A                                                 	MOV	ECX,[EDX]	; str[0]
                                                                	;LEA	EBX,[EBP+8]
                                                                	;MOV	EAX,[EBX]
00000D2E: 48                                                    	DEC	EAX
00000D2F: 89 03                                                 	MOV	[EBX],EAX	; sz = sz-1
00000D31: 01 C1                                                 	ADD	ECX,EAX
                                                                	;MOV	EAX,32
                                                                	;MOV	[ECX],AL	; str[sz] =
00000D33: C6 01 20                                              	MOV	BYTE [ECX],32	; space
00000D36: EB E2                                                 	JMP	short _lib_220
                                                                
                                                                ;/*
                                                                ;** itox -- converts nbr to hex string of
                                                                ;**	    length sz right adjusted and
                                                                ;**	    blank filled, returns str
                                                                ;**
                                                                ;**	if sz > 0 terminate with null byte
                                                                ;**	if sz = 0 find end of string
                                                                ;**	if sz < 0 use last byte for data
                                                                ;*/
                                                                
                                                                _itox:				; itox(nbr,str,sz)
00000D38: 55                                                    	PUSH	EBP	; int nbr; char str[]; int sz;
00000D39: 89 E5                                                 	MOV	EBP,ESP
00000D3B: 83 C4 F8                                              	ADD	ESP,-8		; int digit,offset;
00000D3E: 8D 5D 08                                              	LEA	EBX,[EBP+8]	; if(sz>0) str[--sz]=0;
00000D41: 8B 03                                                 	MOV	EAX,[EBX]
00000D43: 09 C0                                                 	OR	EAX,EAX
                                                                	;JG	short _lib_225
                                                                	;JMP	short _lib_224
                                                                	;JNG	short _lib_224
00000D45: 7C 24                                                 	JL	short _lib_228	; else if(sz<0)
00000D47: 74 0F                                                 	JE	short _lib_227
                                                                _lib_225:
00000D49: 8D 55 0C                                              	LEA	EDX,[EBP+12]	; str[--sz]=0;
00000D4C: 8B 0A                                                 	MOV	ECX,[EDX]
                                                                	;LEA	EBX,[EBP+8]
                                                                	;MOV	EAX,[EBX]
00000D4E: 48                                                    	DEC	EAX
00000D4F: 89 03                                                 	MOV	[EBX],EAX
00000D51: 01 C1                                                 	ADD	ECX,EAX
                                                                	;XOR	EAX,EAX
                                                                	;MOV	[ECX],AL
00000D53: C6 01 00                                              	MOV	BYTE [ECX],0
00000D56: EB 19                                                 	JMP	short _lib_226
                                                                ;_lib_224:
                                                                	;;LEA	EBX,[EBP+8]
                                                                	;;MOV	EAX,[EBX]
                                                                	;OR	EAX,EAX
                                                                	;JL	short _lib_228
                                                                	;;JMP	short _lib_227
                                                                _lib_227:			; else
                                                                _lib_230:			; while(str[sz]!=0)
00000D58: 8D 55 0C                                              	LEA	EDX,[EBP+12]
00000D5B: 8B 0A                                                 	MOV	ECX,[EDX]	; str[0]
                                                                	;LEA	EBX,[EBP+8]
                                                                	;MOV	EAX,[EBX]
00000D5D: 01 C1                                                 	ADD	ECX,EAX
00000D5F: 0F BE 11                                              	MOVSX	EDX,BYTE [ECX]	; str[sz]
00000D62: 09 D2                                                 	OR	EDX,EDX
00000D64: 74 0B                                                 	JE	short _lib_231
                                                                _lib_232:
                                                                	;LEA	EBX,[EBP+8]	; ++sz;
                                                                	;MOV	EAX,[EBX]
00000D66: 40                                                    	INC	EAX
00000D67: 89 03                                                 	MOV	[EBX],EAX
00000D69: EB ED                                                 	JMP	short _lib_230
                                                                _lib_228:
                                                                	;LEA	EAX,[EBP+8]	; sz=-sz;
                                                                	;MOV	EAX,[EBX]
00000D6B: F7 D8                                                 	NEG	EAX
00000D6D: 89 03                                                 	MOV	[EBX],EAX
                                                                	;JMP	short _lib_229
00000D6F: EB 04                                                 	JMP	short _lib_235	; eax > 0
                                                                _lib_231:
                                                                _lib_229:
                                                                _lib_226:
                                                                _lib_233:
                                                                _lib_239:			; while(sz)
                                                                	;LEA	EBX,[EBP+8]
                                                                	;MOV	EAX,[EBX]
00000D71: 09 C0                                                 	OR	EAX,EAX
00000D73: 74 5A                                                 	JE	short _lib_234
                                                                _lib_235:
00000D75: 8D 55 10                                              	LEA	EDX,[EBP+16]	; {digit=nbr&15;
00000D78: 8B 02                                                 	MOV	EAX,[EDX]
00000D7A: 83 E0 0F                                              	AND	EAX,15
00000D7D: 8D 5D FC                                              	LEA	EBX,[EBP-4]	; digit
00000D80: 89 03                                                 	MOV	[EBX],EAX
                                                                	;LEA	EDX,[EBP+16]	; nbr=nbr/16;
00000D82: 8B 02                                                 	MOV	EAX,[EDX]
00000D84: B9 10 00 00 00                                        	MOV	ECX,16
00000D89: 99                                                    	CDQ
00000D8A: F7 F9                                                 	IDIV	ECX
00000D8C: 89 02                                                 	MOV	[EDX],EAX	; nbr
00000D8E: 8D 45 FC                                              	LEA	EAX,[EBP-4]	; if(digit<10)
00000D91: 8B 18                                                 	MOV	EBX,[EAX]
00000D93: B8 0A 00 00 00                                        	MOV	EAX,10
00000D98: E8 9C F2 FF FF                                        	CALL	__lt
00000D9D: 8D 5D F8                                              	LEA	EBX,[EBP-8] ; * ; offset
00000DA0: 09 C0                                                 	OR	EAX,EAX
00000DA2: 74 04                                                 	JZ	short _lib_236	; else
                                                                _lib_237:
                                                                	;LEA	EBX,[EBP-8] ; *	; offset=48;
                                                                	;MOV	EAX,48
00000DA4: B0 30                                                 	MOV	AL,48
                                                                	;MOV	[EBX],EAX
                                                                	;MOV	[EBX],48
00000DA6: EB 02                                                 	JMP	short _lib_238
                                                                _lib_236:
                                                                	;LEA	EBX,[EBP-8] ; *
                                                                	;MOV	EAX,55
00000DA8: B0 37                                                 	MOV	AL,55
                                                                _lib_238:
00000DAA: 89 03                                                 	MOV	[EBX],EAX
                                                                ;_lib_238:		; str[--sz]=digit+offset;
00000DAC: 53                                                    	PUSH	EBX ; *
00000DAD: 8D 55 0C                                              	LEA	EDX,[EBP+12]	; str
00000DB0: 8B 0A                                                 	MOV	ECX,[EDX]	; [str[0]
00000DB2: 8D 5D 08                                              	LEA	EBX,[EBP+8]
00000DB5: 8B 03                                                 	MOV	EAX,[EBX]
00000DB7: 48                                                    	DEC	EAX		; --sz
00000DB8: 89 03                                                 	MOV	[EBX],EAX
00000DBA: 01 C1                                                 	ADD	ECX,EAX		; str[sz]
00000DBC: 8D 5D FC                                              	LEA	EBX,[EBP-4]	; digit+offset;
00000DBF: 8B 03                                                 	MOV	EAX,[EBX]
                                                                	;LEA	EBX,[EBP-8] ; *
00000DC1: 5B                                                    	POP	EBX ; *
00000DC2: 03 03                                                 	ADD	EAX,[EBX]	; + offset
00000DC4: 88 01                                                 	MOV	[ECX],AL
00000DC6: 8D 5D 10                                              	LEA	EBX,[EBP+16]
00000DC9: 8B 03                                                 	MOV	EAX,[EBX]
00000DCB: 09 C0                                                 	OR	EAX,EAX
00000DCD: 75 A2                                                 	JNE	short _lib_239
                                                                _lib_240:
                                                                _lib_234:
                                                                ;_lib_241:
00000DCF: 8D 5D 08                                              	LEA	EBX,[EBP+8]	; while(sz)
00000DD2: 8B 03                                                 	MOV	EAX,[EBX]
                                                                _lib_241:
00000DD4: 09 C0                                                 	OR	EAX,EAX
                                                                	;JZ	short _lib_242
00000DD6: 75 06                                                 	JNZ	short _lib_243
                                                                _lib_242:
                                                                	;LEA	EDX,[EBP+12]	; return str;
00000DD8: 8B 02                                                 	MOV	EAX,[EDX]
00000DDA: 89 EC                                                 	MOV	ESP,EBP
00000DDC: 5D                                                    	POP	EBP
00000DDD: C3                                                    	RETN
                                                                _lib_243:
                                                                	;LEA	EDX,[EBP+12]	; str[--sz]=' ';
00000DDE: 8B 0A                                                 	MOV	ECX,[EDX]
                                                                	;LEA	EBX,[EBP+8]
                                                                	;MOV	EAX,[EBX]
00000DE0: 48                                                    	DEC	EAX
00000DE1: 89 03                                                 	MOV	[EBX],EAX
00000DE3: 01 C1                                                 	ADD	ECX,EAX
                                                                	;MOV	EAX,32
                                                                	;MOV	[EBX],AL
00000DE5: C6 01 20                                              	MOV	BYTE [ECX],32	; space
00000DE8: EB EA                                                 	JMP	short _lib_241
                                                                
                                                                ;__iob:
                                                                ;times 3*32 db 0x0
                                                                
                                                                
                                                                  ; MenuetOS implement
                                                                  include "OSFUNC.ASM"
                                                                ; -----------------------------------------------------------
                                                                ; Small C Compiler for TRDOS 386 (v2.0.9 and later)
                                                                ; Erdogan Tan - 2024
                                                                ; Beginning: 05/09/2024
                                                                ; Last Update: 15/03/2026
                                                                ; -----------------------------------------------------------
                                                                ; Derived from 'osfunc.asm' file of KolibriOS SCC source code
                                                                ; 2024
                                                                
                                                                ; 20/08/2024 ; TRDOS 386 v2.0.9
                                                                ; 29/04/2016
                                                                _ver 	equ 0
                                                                _exit 	equ 1
                                                                _fork 	equ 2
                                                                _read 	equ 3
                                                                _write	equ 4
                                                                _open	equ 5
                                                                _close 	equ 6
                                                                _wait 	equ 7
                                                                _creat 	equ 8
                                                                _link 	equ 9
                                                                _unlink	equ 10
                                                                _exec	equ 11
                                                                _chdir	equ 12
                                                                _time 	equ 13
                                                                _mkdir 	equ 14
                                                                _chmod	equ 15
                                                                _chown	equ 16
                                                                _break	equ 17
                                                                _stat	equ 18
                                                                _seek	equ 19
                                                                _tell 	equ 20
                                                                _mount	equ 21
                                                                _umount	equ 22
                                                                _setuid	equ 23
                                                                _getuid	equ 24
                                                                _stime	equ 25
                                                                _quit	equ 26
                                                                _intr	equ 27
                                                                _fstat	equ 28
                                                                _emt 	equ 29
                                                                _mdate 	equ 30
                                                                _video 	equ 31
                                                                _audio	equ 32
                                                                _timer	equ 33
                                                                _sleep	equ 34
                                                                _msg    equ 35
                                                                _geterr	equ 36
                                                                _fpsave	equ 37
                                                                _pri	equ 38
                                                                _rele	equ 39
                                                                _fff	equ 40
                                                                _fnf	equ 41
                                                                _alloc	equ 42
                                                                _dalloc equ 43
                                                                _calbac equ 44
                                                                _dma	equ 45
                                                                _stdio  equ 46
                                                                
                                                                    ; 12/09/2024 ('sys' macro in FASM format)
                                                                
                                                                macro sys op1,op2,op3,op4
                                                                {
                                                                    if	op4 eq
                                                                    else
                                                                	mov edx,op4
                                                                    end	if
                                                                    if	op3 eq
                                                                    else
                                                                	mov ecx,op3
                                                                    end	if
                                                                    if	op2 eq
                                                                    else
                                                                 	mov ebx,op2
                                                                    end	if
                                                                    	mov eax,op1
                                                                    	int 40h
                                                                }
                                                                
                                                                ; -----------------------------
                                                                
                                                                ;
                                                                ; OS function implementation
                                                                ; SmallC for KolibriOS
                                                                ;
                                                                
                                                                init_osfunc:
                                                                	; 05/09/2024 - TRDOS 386 v2.0.9
                                                                	; nothing to do for now
00000DEA: C3                                                    	retn
                                                                
                                                                ;Main OS functions
                                                                
                                                                _OS_fopen:
                                                                	;Implement "fopen"
                                                                	;esp+4 - mode
                                                                	;esp+8 - file name
                                                                
00000DEB: 8B 44 24 04                                           	mov	eax,[esp+4] ; file open mode
00000DEF: 8B 5C 24 08                                           	mov	ebx,[esp+8] ; file name
                                                                
00000DF3: 31 C9                                                 	xor	ecx,ecx ; 0 ; open for read
00000DF5: 80 38 72                                              	cmp	byte [eax],'r'
00000DF8: 74 08                                                 	je	short open_read
                                                                	;inc	ecx ; 1 ; open for write
00000DFA: 80 38 77                                              	cmp	byte [eax],'w'
00000DFD: 74 0E                                                 	je	short open_write
                                                                	;bad mode
                                                                file_notfound:
                                                                access_error:
00000DFF: 31 C0                                                 	xor	eax,eax ; 0 ; invalid open mode
00000E01: C3                                                    	retn
                                                                
                                                                open_read:
                                                                ;Open for read
                                                                	;xor	ecx,ecx ; 0 ; open for read
00000E02: B8 05 00 00 00 CD 40                                  	sys	_open
00000E09: 72 F4                                                 	jc	short file_notfound ; return 0
                                                                	; 15/03/2026
                                                                	; eax = file handle
00000E0B: 40                                                    	inc	eax ; file handle (1 based)
00000E0C: C3                                                    	retn
                                                                	
                                                                open_write:
                                                                ;Open for write
                                                                open_create:
                                                                	; ecx = 0 -> ordinary file
                                                                	; ebx = file name
00000E0D: B8 08 00 00 00 CD 40                                  	sys	_creat
00000E14: 72 E9                                                 	jc	short access_error ; create_err
                                                                
                                                                open_create_ok:
                                                                	; eax = file handle
00000E16: 40                                                    	inc	eax ; file handle (1 based)
                                                                .close_ok:
                                                                close_ok: ; 12/09/2024
00000E17: C3                                                    	retn
                                                                
                                                                _OS_fclose:
                                                                ;Close file
                                                                	;esp+4 - file handle
                                                                
00000E18: 8B 5C 24 04                                           	mov	ebx,[esp+4] ; file handle (1 based)
00000E1C: 4B                                                    	dec	ebx ; 0 based
                                                                
00000E1D: B8 06 00 00 00 CD 40                                  	sys	_close
00000E24: 73 F1                                                 	jnc	short close_ok ; eax = 0
                                                                
                                                                .close_err:
                                                                read_err:  ; 12/09/2024
00000E26: B8 FF FF FF FF                                        	mov	eax,-1 ; BAD
00000E2B: C3                                                    	retn
                                                                
                                                                _OS_fgetc:
                                                                	;Load char from file
                                                                	;esp+4 - input file
                                                                
00000E2C: 8B 44 24 04                                           	mov	eax,[esp+4] ; file handle, 1 based
                                                                	; -1 -> STDIN
00000E30: 40                                                    	inc	eax ; -1 -> 0
00000E31: 74 2A                                                 	jz	short _OS_getc ; 16/09/2024
                                                                
00000E33: 48                                                    	dec	eax ; 1 based
00000E34: 48                                                    	dec	eax ; 0 based file handle
                                                                
00000E35: C6 05 6A 0E 00 00 00                                  	mov	byte [character],0
                                                                
00000E3C: BA 01 00 00 00 B9 6A 0E 00 00 89 C3 B8 03 00 00       	sys	_read, eax, character, 1
          00 CD 40                                              
00000E4F: 72 D5                                                 	jc	short read_err
                                                                
00000E51: 21 C0                                                 	and	eax,eax
00000E53: 75 02                                                 	jnz	short _OS_fgetc_ok
00000E55: 48                                                    	dec	eax
                                                                	; eax = -1 ; EOF
00000E56: C3                                                    	retn
                                                                
                                                                _OS_fgetc_ok:
00000E57: A0 6A 0E 00 00                                        	mov	al,[character]
00000E5C: C3                                                    	retn
                                                                
                                                                _OS_getc:
00000E5D: BB 00 00 00 00 B8 2E 00 00 00 CD 40                   	sys	_stdio, 0 ; read STDIN (wait keypress)
                                                                	; eax (al) = character (ascii) code
00000E69: C3                                                    	retn
                                                                
00000E6A: 00                                                    character: db 0
                                                                
                                                                _OS_fputc:
                                                                	;Save char to file
                                                                	;esp+4 - output file
                                                                	;esp+8 - char to write
                                                                
00000E6B: 8B 4C 24 08                                           	mov	ecx,[esp+8]
00000E6F: 88 0D 6A 0E 00 00                                     	mov	[character],cl
                                                                
00000E75: 8B 44 24 04                                           	mov	eax,[esp+4] ; file handle, 1 based
                                                                	; -1 -> STDOUT/STDERR
00000E79: 40                                                    	inc	eax ; -1 -> 0
00000E7A: 74 1A                                                 	jz	short _OS_putc_@ ; 16/09/2024
                                                                
00000E7C: 48                                                    	dec	eax ; 1 based
00000E7D: 48                                                    	dec	eax ; 0 based file handle
                                                                
00000E7E: BA 01 00 00 00 B9 6A 0E 00 00 89 C3 B8 04 00 00       	sys	_write, eax, character, 1
          00 CD 40                                              
00000E91: C3                                                    	retn
                                                                
                                                                _OS_putc:
                                                                	;Save char to file
                                                                	;esp+4 - char to write
                                                                
00000E92: 8B 4C 24 04                                           	mov	ecx,[esp+4]
                                                                _OS_putc_@:
                                                                	; cl = character to be written
00000E96: BB 02 00 00 00 B8 2E 00 00 00 CD 40                   	sys	_stdio, 2 ; write to STDOUT (display char)
                                                                calloc_ok: ; 13/09/2024
00000EA2: C3                                                    	retn
                                                                
                                                                _OS_calloc:
                                                                	;Alloc memory
                                                                
                                                                	; TRDOS 386 v2 feature
                                                                	; default u.break (bss) address is file size for PRG files
                                                                
00000EA3: BB FF FF FF FF B8 11 00 00 00 CD 40                   	sys	_break, -1  ; get u.break address
00000EAF: 72 1F                                                 	jc	short calloc_err
                                                                
                                                                ubreak_ready:	; temporary - 23/09/2024
                                                                	; eax = [u.break]
00000EB1: 83 C0 03                                              	add	eax,3
00000EB4: 24 FC                                                 	and	al,not 3 ; dword aligned allocation (malloc) address
                                                                
00000EB6: 50                                                    	push	eax ; *
00000EB7: 8B 44 24 08                                           	mov	eax,[esp+8] ; element size (integer=4)
00000EBB: 8B 5C 24 0C                                           	mov	ebx,[esp+12] ; structure/area length (element count)
00000EBF: F7 E3                                                 	mul	ebx
00000EC1: 03 04 24                                              	add	eax,[esp] ; *
                                                                
                                                                	; new break point - old break point = allocation size
                                                                
                                                                	; temporary - 23/09/2024
                                                                	;mov	[ubreak],eax
                                                                	;;;
                                                                	; temporary - 23/09/2024
                                                                	;xor	eax,eax
                                                                	;rep	stosb
                                                                	;;;
                                                                	;pop	eax ; *
                                                                	;retn
                                                                
00000EC4: 89 C3 B8 11 00 00 00 CD 40                            	sys	_break, eax ; set new u.break address
00000ECD: 58                                                    	pop	eax ; * ; 13/09/2024
                                                                	;jc	short .calloc_err
                                                                
                                                                	; return value
                                                                	; eax = start/beginning address
                                                                	;retn
                                                                	; 13/09/2024
00000ECE: 73 D2                                                 	jnc	short calloc_ok
                                                                
                                                                calloc_err:
                                                                	; write "malloc error" message to STDERR
00000ED0: BE F7 0E 00 00                                        	mov	esi,.malloc_err_msg
                                                                .calloc_err_p:
00000ED5: AC                                                    	lodsb
00000ED6: 08 C0                                                 	or	al,al
00000ED8: 74 10                                                 	jz	short .calloc_err_x
00000EDA: 89 C1 BB 03 00 00 00 B8 2E 00 00 00 CD 40             	sys	_stdio, 3, eax
00000EE8: EB EB                                                 	jmp	short .calloc_err_p
                                                                
                                                                .calloc_err_x:
00000EEA: BB FF FF FF FF B8 01 00 00 00 CD 40                   	sys	_exit, -1
00000EF6: C3                                                    	retn	; normally cpu must not come here !
                                                                
                                                                .malloc_err_msg:
00000EF7: 0D 0A                                                   db 0Dh,0Ah
00000EF9: 07                                                      db 07h  ; beep !
00000EFA: 4D 65 6D 6F 72 79 20 41 6C 6C 6F 63 61 74 69 6F         db "Memory Allocation Error!"
          6E 20 45 72 72 6F 72 21                               
00000F12: 0D 0A 00                                                db 0Dh,0Ah,0
                                                                
                                                                _OS_exit:
00000F15: 8B 5C 24 04                                           	mov	ebx,[esp+4]  ; exit code ; 13/09/2024
00000F19: B8 01 00 00 00 CD 40                                  	sys	_exit
00000F20: C3                                                    	retn	; normally cpu must not come here !
                                                                
                                                                
                                                                _fopen	equ _OS_fopen
                                                                _fputc	equ _OS_fputc
                                                                _fgetc	equ _OS_fgetc
                                                                _fclose equ _OS_fclos
                                                                
                                                                  ; Main program (compiled from C)
                                                                  include "GETARG.ASM"
                                                                ; -----------------------------------------------------------
                                                                ; Small C Compiler for TRDOS 386 (v2.0.9 and later)
                                                                ; Erdogan Tan - 2024
                                                                ; Beginning: 05/09/2024
                                                                ; Last Update: 14/09/2024
                                                                ; -----------------------------------------------------------
                                                                ; Derived from 'getarg.asm' file of KolibriOS SCC source code
                                                                ; 2024
                                                                
                                                                ; Get command line argument. 
                                                                ; Entry: n    = Number of the arguments.
                                                                ;        s    = Destination string pointer.
                                                                ;        size = Size of destination string.
                                                                ;        argc = Argument count from main().
                                                                ;        argv = Argument vector(s) from main().
                                                                ; Returns number of characters moved on success,
                                                                ; else EOF.
                                                                
                                                                _getarg:	; int n; char *s; int size,argc,argv[];
00000F21: 55                                                    	PUSH	EBP
00000F22: 89 E5                                                 	MOV	EBP,ESP
00000F24: 83 C4 F8                                              	ADD	ESP,-8  ; char *str; int i;
00000F27: 8D 45 18                                              	LEA	EAX,[EBP+24] ; n
00000F2A: 8B 18                                                 	MOV	EBX,[EAX] ; if(n<0 | n>=argc)
00000F2C: 31 C0                                                 	XOR	EAX,EAX	  ; 0
00000F2E: E8 06 F1 FF FF                                        	CALL	__lt	; if(n<0
00000F33: 50                                                    	PUSH	EAX	; 0 (false) or 1 (true)
                                                                	;LEA	EBX,[EBP+24]
                                                                	;MOV	EAX,[EBX]
                                                                	;PUSH	EAX
00000F34: 53                                                    	PUSH	EBX	; n
00000F35: 8D 5D 0C                                              	LEA	EBX,[EBP+12] ; argc
00000F38: 8B 03                                                 	MOV	EAX,[EBX]
00000F3A: 5B                                                    	POP	EBX
00000F3B: E8 0E F1 FF FF                                        	CALL	__ge	; | n>=argc)
00000F40: 5B                                                    	POP	EBX
00000F41: 09 D8                                                 	OR	EAX,EBX	; (condition 1 or condition 2)
                                                                	;OR	EAX,EAX
                                                                	;JNZ	short _0_3
00000F43: 74 12                                                 	JZ	short _0_2 ; }
                                                                _0_3:		; {*s=NULL;
00000F45: 8D 45 14                                              	LEA	EAX,[EBP+20] ; pointer to *s address
00000F48: 8B 18                                                 	MOV	EBX,[EAX]  ; (ebx = address of *s)
00000F4A: 31 C0                                                 	XOR	EAX,EAX	; NULL
00000F4C: 88 03                                                 	MOV	[EBX],AL ; *s=NULL;  ; ([ebx] = s value)
00000F4E: B8 FF FF FF FF                                        	MOV	EAX,-1	; return EOF;
00000F53: 89 EC                                                 	MOV	ESP,EBP
00000F55: 5D                                                    	POP	EBP
00000F56: C3                                                    	RETN
                                                                _0_2:		; }
00000F57: 8D 5D F8                                              	LEA	EBX,[EBP-8]
                                                                	;XOR	EAX,EAX
                                                                	; eax = 0
00000F5A: 89 03                                                 	MOV	[EBX],EAX ; i=0;
00000F5C: 8D 45 FC                                              	LEA	EAX,[EBP-4]
00000F5F: 50                                                    	PUSH	EAX	; str
00000F60: 8D 5D 08                                              	LEA	EBX,[EBP+8] ; pointer to argv[]
00000F63: 8B 03                                                 	MOV	EAX,[EBX]
00000F65: 50                                                    	PUSH	EAX	; argv[] (address)
00000F66: 8D 5D 18                                              	LEA	EBX,[EBP+24] ; n
00000F69: 8B 03                                                 	MOV	EAX,[EBX]
00000F6B: 5B                                                    	POP	EBX
00000F6C: D1 E0                                                 	SHL	EAX,1
00000F6E: D1 E0                                                 	SHL	EAX,1	; n*4
00000F70: 01 C3                                                 	ADD	EBX,EAX	; argv[0]+4*n
00000F72: 8B 03                                                 	MOV	EAX,[EBX]	; argv[n]
00000F74: 5B                                                    	POP	EBX		; str (address)
00000F75: 89 03                                                 	MOV	[EBX],EAX	; str = argv[n]
                                                                _0_4:		; while(i<size)
00000F77: 8D 5D F8                                              	LEA	EBX,[EBP-8]
00000F7A: 8B 03                                                 	MOV	EAX,[EBX]
00000F7C: 50                                                    	PUSH	EAX	; i
00000F7D: 8D 5D 10                                              	LEA	EBX,[EBP+16] ; pointer to size
00000F80: 8B 03                                                 	MOV	EAX,[EBX]
00000F82: 5B                                                    	POP	EBX
00000F83: E8 B1 F0 FF FF                                        	CALL	__lt	; is i<size ?
00000F88: 09 C0                                                 	OR	EAX,EAX
00000F8A: 74 2E                                                 	JZ	short _0_5 ; false, jump to s[i]=NULL;
                                                                _0_6:		; true, if((s[i]=str[i])==NULL) break;
00000F8C: 8D 5D 14                                              	LEA	EBX,[EBP+20]
00000F8F: 8B 03                                                 	MOV	EAX,[EBX]
00000F91: 50                                                    	PUSH	EAX	; s (address)
00000F92: 8D 5D F8                                              	LEA	EBX,[EBP-8]
00000F95: 8B 03                                                 	MOV	EAX,[EBX] ; i (value)
00000F97: 5B                                                    	POP	EBX
00000F98: 01 D8                                                 	ADD	EAX,EBX	; (i offset from start of s)
00000F9A: 50                                                    	PUSH	EAX	; s[i]
00000F9B: 8D 5D FC                                              	LEA	EBX,[EBP-4] ; pointer to of *str address
00000F9E: 8B 03                                                 	MOV	EAX,[EBX]   ; str
00000FA0: 50                                                    	PUSH	EAX
00000FA1: 8D 5D F8                                              	LEA	EBX,[EBP-8]
00000FA4: 8B 03                                                 	MOV	EAX,[EBX]
00000FA6: 5B                                                    	POP	EBX	; str (address)
00000FA7: 01 C3                                                 	ADD	EBX,EAX	; (i offset from start of str)
00000FA9: 0F BE 03                                              	MOVSX	EAX,BYTE [EBX] ; char str[i]
00000FAC: 5B                                                    	POP	EBX	; s[i]
00000FAD: 88 03                                                 	MOV	[EBX],AL ; s[i] = str[i]
00000FAF: 09 C0                                                 	OR	EAX,EAX	; if((s[i]=str[i])==NULL
00000FB1: 74 07                                                 	JZ	short _0_5 ; break;
                                                                _0_7:		; else, ++i;
00000FB3: 8D 5D F8                                              	LEA	EBX,[EBP-8]
                                                                	;MOV	EAX,[EBX]
                                                                	;INC	EAX
                                                                	;MOV	[EBX],EAX
00000FB6: FF 03                                                 	INC	DWORD [EBX] ; ++i
00000FB8: EB BD                                                 	JMP	short _0_4  ; jump to while(i<size)
                                                                _0_5:
00000FBA: 8D 5D 14                                              	LEA	EBX,[EBP+20]
00000FBD: 8B 03                                                 	MOV	EAX,[EBX]
00000FBF: 50                                                    	PUSH	EAX	; s
00000FC0: 8D 5D F8                                              	LEA	EBX,[EBP-8] 
00000FC3: 8B 03                                                 	MOV	EAX,[EBX] ; i
00000FC5: 5B                                                    	POP	EBX
00000FC6: 01 C3                                                 	ADD	EBX,EAX	; start of s + i = s[i]
                                                                	;PUSH	EAX	; i
                                                                	;XOR	EAX,EAX	; NULL
                                                                	;MOV	[EBX],AL ; s[i]=NULL;
00000FC8: C6 03 00                                              	MOV	BYTE [EBX],0
                                                                	;;LEA	EBX,[EBP-8]
                                                                	;;MOV	EAX,[EBX]
                                                                	;POP	EAX 	; return i;
00000FCB: 89 EC                                                 	MOV	ESP,EBP
00000FCD: 5D                                                    	POP	EBP
00000FCE: C3                                                    	RETN
                                                                
                                                                  include "HELLO.ASM"
                                                                
                                                                _main:
00000FCF: 55                                                    PUSH EBP
00000FD0: 89 E5                                                 MOV EBP,ESP
00000FD2: 83 C4 F0                                              ADD ESP,-16
00000FD5: 8D 45 FC                                              LEA EAX,[EBP-4]
00000FD8: 89 C3                                                 MOV EBX,EAX
00000FDA: B8 FF FF FF FF                                        MOV EAX,-1
00000FDF: 89 03                                                 MOV [EBX],EAX
00000FE1: 8D 45 F8                                              LEA EAX,[EBP-8]
00000FE4: 89 C3                                                 MOV EBX,EAX
00000FE6: 31 C0                                                 XOR EAX,EAX
00000FE8: 89 03                                                 MOV [EBX],EAX
00000FEA: 8D 45 F4                                              LEA EAX,[EBP-12]
00000FED: 89 C3                                                 MOV EBX,EAX
00000FEF: B8 00 00 01 00                                        MOV EAX,65536
00000FF4: 89 03                                                 MOV [EBX],EAX
00000FF6: 8D 45 F0                                              LEA EAX,[EBP-16]
00000FF9: 89 C3                                                 MOV EBX,EAX
00000FFB: B8 40 42 0F 00                                        MOV EAX,1000000
00001000: 89 03                                                 MOV [EBX],EAX
00001002: 8D 45 F8                                              LEA EAX,[EBP-8]
00001005: 50                                                    PUSH EAX
00001006: 8D 45 FC                                              LEA EAX,[EBP-4]
00001009: 89 C3                                                 MOV EBX,EAX
0000100B: 8B 03                                                 MOV EAX,[EBX]
0000100D: 50                                                    PUSH EAX
0000100E: 8D 45 F4                                              LEA EAX,[EBP-12]
00001011: 89 C3                                                 MOV EBX,EAX
00001013: 8B 03                                                 MOV EAX,[EBX]
00001015: 5B                                                    POP EBX
00001016: F7 EB                                                 IMUL EBX
00001018: 5B                                                    POP EBX
00001019: 89 03                                                 MOV [EBX],EAX
0000101B: B8 2F 10 00 00                                        MOV EAX,_1+0
00001020: 50                                                    PUSH EAX
00001021: B1 01                                                 MOV CL,1
00001023: E8 C8 F3 FF FF                                        CALL _printf
00001028: 83 C4 04                                              ADD ESP,4
0000102B: 89 EC                                                 MOV ESP,EBP
0000102D: 5D                                                    POP EBP
0000102E: C3                                                    RETN
0000102F: 48 65 6C 6C 6F 2C 20 57 6F 72                         _1 DB 72,101,108,108,111,44,32,87,111,114
00001039: 6C 64 21 0A 00                                         DB 108,100,33,10,0
                                                                
                                                                ;E:.
                                                                
                                                                START:
                                                                   ; esp = argc
                                                                   ; esp+4 = argv[0] address
0000103E: 58                                                       pop  eax	; argc (value)
0000103F: 89 E3                                                    mov  ebx,esp	; argv[0] address (not value)
00001041: 50                                                       push	eax	; argc
00001042: 53                                                       push	ebx
00001043: E8 87 FF FF FF                                           call _main
                                                                   ;add esp,8
00001048: 5B                                                       pop	ebx
                                                                   ;
00001049: 31 DB                                                    xor  ebx,ebx	; exit code = 0
0000104B: B8 01 00 00 00                                           mov	eax,1	; sysexit
00001050: CD 40                                                    int  40h
                                                                
00001052: 00                                                      db 0	
00001053: 53 6D 61 6C 6C 20 43 20 43 6F 6D 70 69 6C 65 72         db "Small C Compiler v1.0 for TRDOS 386"
          20 76 31 2E 30 20 66 6F 72 20 54 52 44 4F 53 20       
          33 38 36                                              
00001076: 00                                                      db 0
00001077: 45 72 64 6F 67 61 6E 20 54 61 6E 20 2D 20 32 30         db "Erdogan Tan - 2026"
          32 36                                                 
00001089: 00                                                      db 0	
